,School,Subject,Average Exam 2 Grade,Average Exam 1 Grade,School Year,Location,Interpersonal
1,ELEM,Math,91,55,2015,CA,3
2,ELEM,History,86,60,2015,NY,3
3,ELEM,Science,90,58,2015,CA,2
4,ELEM,French,85,46,2015,CA,2
5,ELEM,Language Arts,100,49,2015,NY,2
6,ELEM,Language Arts,100,47,2015,NY,2
7,ELEM,Math,93,55,2013,NY,4
8,ELEM,Art,80,57,2013,CA,3
9,ELEM,Spanish,70,54,2015,NY,4
10,MIDD,Math,80,49,2013,NY,2
11,MIDD,PE,80,63,2012,CA,3
12,MIDD,Latin,67,42,2012,CA,3
13,HIGH,Spanish,73,64,2015,NY,2
14,HIGH,Science,93,34,2015,CA,4
15,HIGH,Art,99,51,2012,CA,3
16,HIGH,Latin,80,27,2012,NY,3
17,HIGH,Art,93,58,2015,CA,4
18,HIGH,Spanish,99,43,2015,NY,4
19,HIGH,Art,66,53,2013,CA,3
20,HIGH,Language Arts,88,NA,2013,NY,4
21,HIGH,French,88,61,2014,NY,2
22,HIGH,Language Arts,80,37,2014,CA,2
23,HIGH,Art,93,40,2012,CA,2
24,ELEM,Science,86,41,2013,CA,3
25,ELEM,Language Arts,98,57,2013,CA,4
26,ELEM,PE,90,59,2013,CA,3
27,ELEM,PE,90,52,2012,CA,2
28,ELEM,Science,86,57,2012,CA,3
29,ELEM,Language Arts,98,44,2012,NY,3
30,ELEM,Language Arts,86,41,2014,CA,3
31,ELEM,Art,98,50,2014,CA,2
32,ELEM,Spanish,92,52,2015,NY,3
33,ELEM,Math,79,41,2014,CA,2
34,ELEM,Art,98,37,2015,CA,3
35,ELEM,Language Arts,61,51,2015,CA,3
36,MIDD,Science,82,36,2015,CA,2
37,MIDD,French,96,38,2015,CA,2
38,MIDD,Language Arts,82,51,2015,CA,3
39,MIDD,Math,68,44,2014,CA,3
40,HIGH,French,76,49,2014,CA,4
41,HIGH,Language Arts,87,57,2015,NY,3
42,HIGH,Spanish,95,68,2012,NY,3
43,HIGH,Language Arts,82,55,2012,NY,3
44,HIGH,Science,88,43,2012,NY,2
45,HIGH,Art,89,56,2012,CA,3
46,HIGH,Science,88,53,2012,NY,3
47,HIGH,Science,84,48,2012,NY,4
48,HIGH,Science,95,61,2012,CA,3
49,HIGH,Language Arts,79,47,2012,CA,3
50,HIGH,Spanish,96,39,2015,CA,3
51,HIGH,Art,98,48,2014,CA,2
52,HIGH,Language Arts,91,58,2012,NY,2
53,ELEM,Science,80,45,2013,NY,2
54,ELEM,Latin,91,39,2015,CA,4
55,ELEM,Science,100,28,2015,NY,2
56,ELEM,PE,85,31,2015,CA,3
57,ELEM,Science,85,35,2015,NY,3
58,ELEM,Math,85,66,2015,CA,4
59,ELEM,Latin,85,35,2015,CA,3
60,ELEM,Spanish,100,57,2012,CA,2
61,ELEM,PE,90,41,2014,CA,3
62,ELEM,Math,70,53,2014,NY,3
63,ELEM,Latin,90,50,2013,NY,3
64,ELEM,Math,91,72,2014,NY,2
65,ELEM,Latin,90,49,2014,NY,2
66,MIDD,Spanish,87,47,2013,NY,3
67,MIDD,PE,89,41,2013,NY,7
68,MIDD,Language Arts,89,38,2013,CA,3
69,HIGH,Language Arts,99,47,2013,NY,3
70,HIGH,Math,80,63,2013,NY,4
71,HIGH,Art,88,45,2013,CA,4
72,HIGH,Spanish,80,61,2013,CA,4
73,HIGH,Math,88,67,2013,NY,4
74,HIGH,Art,94,64,2013,NY,4
75,HIGH,Science,80,63,2013,CA,3
76,HIGH,Spanish,99,48,2015,NY,3
77,HIGH,Spanish,99,68,2015,NY,3
78,HIGH,Math,66,53,2015,NY,3
79,ELEM,Language Arts,86,51,2012,NY,3
80,ELEM,Science,98,49,2015,CA,2
81,ELEM,Language Arts,77,37,2015,NY,2
82,ELEM,PE,93,41,2015,NY,2
83,ELEM,Science,94,74,2015,CA,2
84,ELEM,Science,98,36,2015,NY,3
85,ELEM,Latin,77,52,2015,CA,4
86,ELEM,Language Arts,80,60,2015,CA,3
87,ELEM,Spanish,98,42,2012,NY,2
88,ELEM,Language Arts,82,35,2015,NY,4
89,ELEM,Language Arts,98,61,2015,CA,3
90,ELEM,Latin,86,51,2015,CA,1
91,ELEM,Spanish,86,44,2014,CA,3
92,ELEM,Latin,74,57,2014,CA,4
93,MIDD,Art,96,53,2015,NY,4
94,MIDD,Science,78,64,2015,NY,2
95,MIDD,Science,90,42,2015,NY,4
96,MIDD,Language Arts,87,55,2015,NY,3
97,MIDD,Language Arts,91,43,2015,CA,2
98,MIDD,Latin,72,41,2015,CA,2
99,MIDD,Latin,96,51,2015,CA,5
100,HIGH,Math,76,48,2013,CA,3
101,HIGH,PE,87,31,2015,NY,2
102,HIGH,Latin,82,31,2013,NY,2
103,HIGH,Language Arts,84,38,2013,NY,3
104,HIGH,Science,87,51,2013,CA,3
105,HIGH,Latin,85,54,2013,NY,4
106,HIGH,Spanish,90,53,2013,NY,1
107,HIGH,Art,84,51,2013,NY,3
108,HIGH,French,79,48,2015,CA,4
109,HIGH,Language Arts,82,66,2015,CA,3
110,HIGH,Spanish,76,37,2015,NY,3
111,HIGH,Math,88,44,2015,NY,3
112,HIGH,Art,79,63,2013,CA,2
113,HIGH,Science,82,50,2013,NY,2
114,HIGH,Science,93,40,2013,NY,2
115,HIGH,Spanish,84,56,2014,CA,2
116,HIGH,Language Arts,79,53,2015,CA,4
117,HIGH,Math,92,33,2015,CA,3
118,HIGH,Language Arts,80,41,2015,NY,4
119,ELEM,Science,85,51,2015,NY,2
120,ELEM,French,90,73,2015,NY,3
121,ELEM,Math,86,59,2013,NY,3
122,ELEM,PE,90,49,2013,NY,2
123,ELEM,French,100,41,2013,CA,4
124,ELEM,PE,75,37,2013,CA,3
125,MIDD,Language Arts,87,67,2015,NY,3
126,MIDD,French,84,67,2015,CA,4
127,MIDD,Spanish,76,40,2015,CA,4
128,MIDD,Art,80,44,2015,NY,3
129,HIGH,Language Arts,99,53,2013,CA,4
130,HIGH,Art,99,40,2013,NY,2
131,HIGH,Language Arts,66,41,2013,CA,2
132,HIGH,Science,94,50,2013,CA,2
133,HIGH,Spanish,90,34,2013,NY,3
134,HIGH,Science,99,48,2012,CA,4
135,HIGH,Language Arts,86,45,2013,CA,3
136,HIGH,Art,80,NA,2015,NY,2
137,HIGH,French,80,47,2015,CA,3
138,HIGH,Art,88,57,2015,NY,3
139,HIGH,Spanish,86,59,2015,NY,3
140,HIGH,NA,90,57,2015,CA,2
141,ELEM,Art,77,47,2015,CA,3
142,ELEM,Science,92,55,2015,NY,2
143,ELEM,Latin,98,51,2013,CA,3
144,ELEM,Art,86,62,2013,NY,3
145,ELEM,PE,77,51,2013,CA,2
146,ELEM,PE,86,49,2014,NY,2
147,ELEM,Language Arts,86,50,2013,NY,3
148,ELEM,French,77,42,2013,NY,3
149,ELEM,Language Arts,70,54,2013,NY,4
150,ELEM,French,94,35,2013,CA,3
151,ELEM,French,86,33,2013,CA,3
152,ELEM,Latin,92,60,2013,CA,3
153,ELEM,Art,90,50,2014,NY,2
154,ELEM,Language Arts,98,45,2014,CA,3
155,MIDD,PE,93,43,2014,NY,3
156,MIDD,French,93,62,2014,NY,4
157,MIDD,Language Arts,93,50,2014,CA,3
158,MIDD,Language Arts,82,36,2013,CA,3
159,MIDD,French,82,61,2015,NY,3
160,MIDD,Science,93,41,2015,NY,2
161,HIGH,NA,79,57,2015,NY,2
162,HIGH,Science,84,61,2013,CA,2
163,HIGH,Spanish,79,68,2013,NY,4
164,HIGH,Art,87,42,2013,NY,2
165,HIGH,French,79,54,2014,CA,3
166,HIGH,Spanish,84,69,2015,NY,3
167,HIGH,French,84,43,2014,NY,4
168,HIGH,Language Arts,76,49,2014,NY,3
169,HIGH,Science,79,42,2014,CA,2
170,HIGH,Language Arts,82,44,2015,NY,3
171,HIGH,Science,70,51,2012,CA,3
172,ELEM,Language Arts,90,62,2012,NY,3
173,ELEM,Latin,100,36,2014,NY,2
174,ELEM,French,90,48,2014,NY,2
175,ELEM,Spanish,100,61,2014,CA,3
176,ELEM,Math,100,57,2014,NY,7
177,ELEM,Language Arts,91,27,2015,NY,3
178,ELEM,Spanish,100,66,2013,NY,3
179,ELEM,Science,90,58,2015,NY,4
180,ELEM,Language Arts,70,58,2015,CA,4
181,ELEM,Language Arts,93,46,2014,NY,4
182,ELEM,Science,90,41,2012,NY,4
183,ELEM,PE,75,55,2013,NY,4
184,MIDD,Science,94,32,2013,NY,3
185,MIDD,Science,92,65,2015,NY,3
186,MIDD,Art,67,46,2015,CA,3
187,HIGH,French,66,54,2015,CA,3
188,HIGH,NA,88,34,2015,NY,3
189,HIGH,Latin,93,48,2014,CA,2
190,HIGH,PE,93,39,2014,CA,2
191,HIGH,Latin,66,57,2014,CA,2
192,HIGH,French,88,28,2015,NY,2
193,HIGH,Language Arts,94,29,2015,NY,3
194,HIGH,Language Arts,99,46,2014,NY,4
195,HIGH,Art,80,54,2012,NY,3
196,HIGH,Art,86,40,2012,CA,2
197,HIGH,Spanish,66,41,2015,CA,4
198,HIGH,Math,86,61,2015,CA,3
199,HIGH,Art,99,54,2015,CA,1
200,HIGH,Science,80,42,2015,NY,3
201,HIGH,Math,80,51,2013,CA,4
202,ELEM,Language Arts,86,26,2012,CA,4
203,ELEM,Science,82,41,2012,NY,2
204,ELEM,Language Arts,86,56,2012,CA,4
205,ELEM,Language Arts,91,50,2014,NY,3
206,ELEM,Latin,86,47,2014,NY,2
207,ELEM,French,98,56,NA,CA,2
208,ELEM,Spanish,90,40,2012,CA,5
209,ELEM,Language Arts,69,56,2013,NY,3
210,ELEM,Art,74,40,2015,NY,2
211,MIDD,Math,82,61,2015,CA,2
212,MIDD,Science,93,44,2015,NY,3
213,MIDD,Latin,93,48,2015,CA,3
214,HIGH,Art,85,60,2012,CA,4
215,HIGH,Science,79,32,2012,NY,1
216,HIGH,Math,90,63,2012,NY,3
217,HIGH,Math,87,45,2012,CA,4
218,HIGH,French,87,63,2014,CA,3
219,HIGH,Language Arts,90,50,2015,CA,3
220,HIGH,Language Arts,76,40,2014,CA,3
221,HIGH,PE,76,54,2014,NY,2
222,HIGH,Latin,96,63,2014,CA,2
223,HIGH,Language Arts,76,59,2014,CA,2
224,HIGH,Math,88,46,2014,CA,2
225,HIGH,Science,76,37,2014,CA,4
226,HIGH,Science,76,45,2014,CA,3
227,HIGH,Spanish,84,57,2012,CA,4
228,HIGH,Science,87,45,2015,NY,2
229,HIGH,PE,80,39,2015,NY,3
230,ELEM,Science,90,53,2015,CA,3
231,ELEM,Spanish,91,71,2015,CA,2
232,ELEM,Latin,90,49,2015,NY,4
233,ELEM,Spanish,91,67,2015,CA,3
234,ELEM,PE,86,33,2015,CA,3
235,ELEM,Art,86,47,2015,CA,4
236,ELEM,Math,90,55,2015,CA,4
237,ELEM,PE,91,34,2012,CA,3
238,ELEM,PE,90,43,2012,NY,4
239,ELEM,Science,75,58,2012,CA,2
240,MIDD,PE,87,66,2013,CA,2
241,MIDD,PE,94,35,2013,CA,2
242,HIGH,Language Arts,80,51,2015,NY,3
243,HIGH,Spanish,99,42,2015,NY,4
244,HIGH,Science,80,61,2015,NY,3
245,HIGH,Spanish,93,47,2014,NY,2
246,HIGH,Language Arts,88,35,2015,CA,3
247,HIGH,Math,99,52,2015,CA,3
248,HIGH,Science,80,43,2015,CA,3
249,HIGH,PE,94,64,2015,NY,2
250,HIGH,Spanish,99,68,2014,CA,3
251,HIGH,Language Arts,93,40,2015,CA,2
252,HIGH,Science,93,59,2013,CA,3
253,HIGH,Math,73,55,2015,CA,3
254,ELEM,Math,77,57,2015,CA,2
255,ELEM,Science,86,53,2013,CA,2
256,ELEM,Language Arts,92,56,2015,NY,3
257,ELEM,Language Arts,91,42,2012,NY,3
258,ELEM,Latin,61,32,2013,CA,4
259,ELEM,PE,98,55,2013,NY,3
260,ELEM,Language Arts,98,56,2015,CA,3
261,ELEM,Spanish,74,45,2014,CA,3
262,ELEM,Science,74,20,2012,CA,2
263,ELEM,Art,86,51,NA,CA,3
264,ELEM,French,86,36,2014,CA,3
265,ELEM,Math,98,52,2014,CA,4
266,ELEM,Language Arts,86,44,2015,NY,3
267,MIDD,Latin,93,36,2015,NY,3
268,MIDD,Spanish,68,40,2015,NY,3
269,MIDD,Latin,82,37,2015,NY,2
270,MIDD,Spanish,96,51,2015,NY,2
271,MIDD,Math,93,50,2014,NY,2
272,MIDD,PE,91,40,2014,CA,4
273,MIDD,Language Arts,82,46,2013,CA,2
274,HIGH,Language Arts,90,45,2013,CA,3
275,HIGH,Art,90,45,2013,CA,3
276,HIGH,Language Arts,79,42,2013,NY,4
277,HIGH,Science,87,45,2014,NY,3
278,HIGH,Language Arts,95,44,2015,NY,2
279,HIGH,Spanish,96,38,2015,CA,3
280,HIGH,Art,84,36,2015,CA,3
281,HIGH,Language Arts,79,51,2015,NY,3
282,HIGH,PE,79,50,2015,CA,2
283,HIGH,Spanish,96,32,2012,NY,2
284,HIGH,PE,87,51,2012,CA,3
285,ELEM,Latin,86,36,2012,CA,7
286,ELEM,Art,90,42,2015,CA,3
287,ELEM,Spanish,93,40,2015,CA,3
288,ELEM,Science,85,47,2012,NY,4
289,ELEM,Spanish,90,41,2014,NY,4
290,ELEM,Spanish,91,43,2014,NY,4
291,ELEM,Language Arts,90,45,2014,NY,4
292,ELEM,Language Arts,100,48,2014,CA,4
293,MIDD,PE,80,48,2014,CA,3
294,HIGH,Science,99,43,2014,NY,3
295,HIGH,Latin,80,55,2015,NY,3
296,HIGH,Language Arts,90,31,2015,CA,3
297,HIGH,French,99,48,2013,CA,3
298,HIGH,French,99,46,2014,NY,2
299,HIGH,Science,86,64,2014,NY,2
300,HIGH,PE,80,36,2013,CA,2
301,HIGH,Spanish,99,44,2014,CA,2
302,HIGH,French,99,44,2012,CA,3
303,HIGH,Language Arts,80,39,2015,CA,4
304,HIGH,Language Arts,80,66,2014,CA,3
305,HIGH,Latin,80,49,2014,NY,2
306,HIGH,Latin,66,46,2013,CA,4
307,HIGH,Language Arts,80,45,2013,NY,3
308,ELEM,Language Arts,69,40,2013,CA,1
309,ELEM,Math,98,50,2013,CA,3
310,ELEM,Latin,74,50,2014,NA,4
311,ELEM,Art,86,30,2015,CA,4
312,ELEM,French,93,33,2015,NY,2
313,ELEM,Language Arts,70,38,2015,CA,4
314,ELEM,French,86,46,2015,NY,3
315,ELEM,Science,77,17,2015,NY,2
316,ELEM,Language Arts,77,45,2012,NY,2
317,ELEM,French,98,34,2012,NY,5
318,ELEM,PE,86,61,2012,CA,3
319,MIDD,Spanish,93,43,2015,CA,2
320,MIDD,Latin,89,49,2015,CA,2
321,MIDD,Latin,68,56,2012,CA,3
322,MIDD,PE,94,55,2014,CA,3
323,MIDD,Science,68,53,2014,CA,4
324,HIGH,Language Arts,84,43,2014,CA,1
325,HIGH,Math,87,49,2014,CA,3
326,HIGH,Math,87,43,2015,NY,4
327,HIGH,Art,84,43,2015,CA,3
328,HIGH,Latin,84,46,2015,CA,3
329,HIGH,Science,96,36,2015,CA,3
330,HIGH,Science,61,60,2015,CA,2
331,HIGH,Language Arts,76,50,2013,CA,2
332,HIGH,PE,84,38,2013,CA,2
333,HIGH,Science,76,34,2013,CA,2
334,HIGH,Language Arts,93,37,2013,NY,4
335,HIGH,Latin,76,39,2015,NY,3
336,ELEM,Art,90,62,2015,NY,4
337,ELEM,Science,85,61,2015,NY,2
338,ELEM,Art,90,43,2015,NY,3
339,ELEM,Spanish,80,36,2013,NY,3
340,ELEM,French,85,36,2013,NY,2
341,ELEM,Art,80,35,2013,NY,4
342,ELEM,Art,85,41,2013,CA,3
343,ELEM,Science,93,40,2013,NY,3
344,ELEM,PE,91,46,2012,NY,4
345,MIDD,Latin,67,39,2013,CA,4
346,MIDD,Spanish,89,NA,2015,NY,3
347,MIDD,Art,71,50,2015,NY,4
348,MIDD,Art,67,37,2015,CA,2
349,MIDD,Art,76,56,2015,NY,2
350,MIDD,Art,80,49,2015,NY,2
351,HIGH,Science,86,69,2015,CA,3
352,HIGH,Language Arts,88,25,2015,CA,4
353,HIGH,Language Arts,99,44,2015,CA,3
354,HIGH,Language Arts,94,62,2015,CA,2
355,HIGH,Science,88,56,2015,CA,3
356,HIGH,Spanish,80,52,2015,CA,3
357,HIGH,Language Arts,99,35,2013,CA,3
358,HIGH,Language Arts,93,48,2013,NY,2
359,HIGH,Science,99,55,2015,CA,3
360,HIGH,Language Arts,66,45,2013,NY,2
361,HIGH,Language Arts,66,66,2012,NY,3
362,HIGH,French,66,66,2012,CA,3
363,HIGH,Science,80,37,2015,NY,2
364,HIGH,PE,73,37,2015,NY,2
365,HIGH,French,94,55,2012,NY,3
366,HIGH,Science,99,56,2012,CA,3
367,HIGH,French,80,47,2015,CA,4
368,HIGH,PE,94,48,2015,CA,3
369,ELEM,Language Arts,86,51,2013,NY,3
370,ELEM,Language Arts,86,56,2013,NY,3
371,ELEM,Science,77,45,2014,NY,2
372,ELEM,Science,93,52,2014,NY,3
373,ELEM,Math,86,47,2012,CA,3
374,ELEM,Science,90,40,2013,CA,4
375,ELEM,Math,74,47,2015,CA,3
376,ELEM,Science,82,31,2015,NY,3
377,ELEM,French,90,55,2015,CA,3
378,ELEM,Math,86,28,2012,CA,2
379,ELEM,Art,86,48,2016,CA,2
380,ELEM,Language Arts,92,36,2014,NY,2
381,ELEM,Science,92,36,2015,NY,4
382,ELEM,Spanish,98,35,2012,NY,2
383,MIDD,Language Arts,80,52,2013,CA,3
384,MIDD,Art,67,32,2013,CA,3
385,MIDD,Science,73,68,2013,CA,4
386,MIDD,Spanish,96,40,2013,NY,3
387,MIDD,French,82,33,2015,CA,2
388,MIDD,Latin,91,36,2015,NY,3
389,MIDD,Science,91,32,2015,NY,3
390,MIDD,Science,85,68,2014,CA,3
391,HIGH,Science,76,38,2015,NY,2
392,HIGH,Latin,76,56,2015,CA,2
393,HIGH,Science,70,46,2015,CA,3
394,HIGH,Science,76,43,2015,NY,7
395,HIGH,Language Arts,70,57,2015,CA,3
396,HIGH,Spanish,84,50,2012,CA,3
397,HIGH,Spanish,76,59,2012,CA,4
398,HIGH,Science,82,25,2012,CA,4
399,HIGH,French,84,27,2012,NY,4
400,HIGH,French,95,49,2012,CA,4
401,HIGH,Language Arts,87,32,2012,CA,4
402,HIGH,Science,87,30,2014,CA,3
403,HIGH,Language Arts,87,52,2014,CA,3
404,HIGH,Spanish,87,45,2014,NY,3
405,HIGH,Spanish,80,49,2014,CA,3
406,ELEM,Science,75,31,2013,NY,3
407,ELEM,PE,85,50,2015,CA,2
408,ELEM,Language Arts,90,62,2015,NY,2
409,ELEM,Spanish,80,51,2015,CA,2
410,ELEM,Art,100,35,2015,NY,2
411,ELEM,PE,85,51,2015,CA,3
412,MIDD,Art,80,39,2015,NY,4
413,MIDD,Spanish,67,31,2013,NY,3
414,MIDD,Math,80,42,2013,NY,2
415,MIDD,Science,80,32,2015,NY,4
416,MIDD,Latin,67,46,2013,CA,3
417,MIDD,Language Arts,71,25,2012,NY,1
418,HIGH,Science,90,30,2012,CA,3
419,HIGH,French,80,39,2015,NY,4
420,HIGH,PE,66,56,2015,CA,4
421,HIGH,Language Arts,99,38,2012,NY,2
422,HIGH,Science,90,32,2012,CA,4
423,HIGH,Latin,80,54,2015,CA,3
424,HIGH,PE,99,45,2015,CA,2
425,HIGH,Science,73,50,2013,CA,2
426,HIGH,Language Arts,73,52,2013,CA,5
427,HIGH,Science,73,47,2014,NY,3
428,HIGH,PE,80,43,2014,CA,2
429,HIGH,Language Arts,99,39,2012,CA,2
430,HIGH,Math,99,44,2013,NY,3
431,HIGH,Latin,86,43,2015,NY,3
432,HIGH,Latin,94,41,2015,NY,4
433,ELEM,Art,82,54,2015,NY,1
434,ELEM,Math,86,40,2015,CA,3
435,ELEM,Science,90,32,2015,CA,4
436,ELEM,Science,98,45,2012,CA,3
437,ELEM,French,74,54,2015,NY,3
438,ELEM,Language Arts,98,40,2015,NY,3
439,ELEM,French,77,38,2015,CA,2
440,ELEM,Math,94,41,2015,NY,2
441,ELEM,Art,86,39,2015,NY,2
442,ELEM,Language Arts,77,23,2015,NY,2
443,ELEM,Language Arts,77,55,2014,NY,4
444,ELEM,Language Arts,93,42,2014,NY,3
445,ELEM,Language Arts,86,55,2013,NY,4
446,ELEM,Science,98,52,2013,CA,2
447,MIDD,Science,62,61,2015,NY,3
448,MIDD,Latin,72,67,2015,CA,3
449,MIDD,Spanish,77,41,2015,NY,2
450,MIDD,Math,68,61,2015,CA,4
451,HIGH,Language Arts,79,28,2015,CA,3
452,HIGH,Latin,76,56,2015,CA,3
453,HIGH,Language Arts,76,56,2013,CA,4
454,HIGH,Spanish,96,67,2013,NY,4
455,HIGH,Science,61,62,2015,NY,3
456,HIGH,French,82,33,2013,CA,4
457,HIGH,Spanish,79,38,2012,NY,2
458,HIGH,Science,79,26,2012,CA,2
459,HIGH,Science,82,50,2015,CA,2
460,ELEM,Spanish,100,54,2015,NY,3
461,ELEM,French,85,39,2012,CA,4
462,ELEM,Science,85,30,2012,CA,3
463,ELEM,Language Arts,80,56,2015,NY,2
464,ELEM,Science,80,48,2015,NY,3
465,ELEM,PE,80,60,2013,CA,3
466,ELEM,Latin,80,68,2013,NY,3
467,ELEM,Language Arts,90,54,2014,NY,2
468,ELEM,Science,75,57,2014,CA,3
469,ELEM,Language Arts,91,64,2012,NY,2
470,ELEM,Spanish,85,55,2013,NY,3
471,MIDD,Math,80,37,2012,NY,3
472,MIDD,Science,94,59,2012,NY,2
473,HIGH,Language Arts,99,42,2012,CA,2
474,HIGH,Art,94,57,2012,CA,3
475,HIGH,Math,90,39,2012,CA,3
476,HIGH,Language Arts,80,49,2012,CA,4
477,HIGH,Math,99,51,2015,NY,3
478,HIGH,Science,99,55,2015,CA,3
479,HIGH,Art,80,33,2015,CA,3
480,HIGH,Latin,73,40,2012,CA,2
481,HIGH,Math,66,54,2013,CA,3
482,HIGH,Science,90,56,2012,CA,3
483,HIGH,Math,80,30,2013,NY,4
484,HIGH,French,80,46,2013,CA,3
485,ELEM,Language Arts,86,39,2014,NY,3
486,ELEM,Math,93,38,2016,CA,3
487,ELEM,Language Arts,92,58,2016,CA,2
488,ELEM,PE,94,39,2016,CA,2
489,ELEM,PE,86,53,2016,NY,2
490,ELEM,French,98,32,2016,CA,4
491,ELEM,Language Arts,77,45,2015,CA,2
492,ELEM,Math,83,36,2015,CA,3
493,ELEM,NA,69,36,2015,NY,3
494,ELEM,Math,86,38,2015,NY,4
495,MIDD,Science,72,41,2014,CA,3
496,MIDD,Art,77,53,2015,NY,2
497,HIGH,Science,84,40,2014,NY,3
498,HIGH,Art,90,59,2014,NY,3
499,HIGH,Art,91,42,2015,CA,3
500,HIGH,Math,87,27,2015,CA,2
501,HIGH,Language Arts,87,44,2015,CA,2
502,HIGH,Language Arts,84,30,2015,CA,3
503,HIGH,Latin,87,46,2015,NY,7
504,HIGH,Latin,82,62,2013,NY,3
505,HIGH,French,79,48,2013,NY,3
506,HIGH,French,85,56,2013,NY,4
507,HIGH,Spanish,70,36,2014,NY,4
508,HIGH,PE,96,NA,2012,CA,4
509,ELEM,Science,90,42,2014,NY,4
510,ELEM,French,75,55,2013,NY,4
511,ELEM,PE,85,51,2013,CA,3
512,ELEM,Latin,90,54,2013,CA,3
513,ELEM,Language Arts,90,48,2015,NY,3
514,ELEM,Math,100,37,2015,NY,3
515,ELEM,Math,86,60,2015,NY,3
516,ELEM,Art,70,56,2015,NY,2
517,ELEM,Math,100,37,2015,NY,2
518,MIDD,Math,94,55,2015,NY,2
519,MIDD,French,80,51,2015,NY,2
520,HIGH,Spanish,80,34,2015,NY,3
521,HIGH,Language Arts,99,58,2015,CA,4
522,HIGH,Spanish,88,57,2015,NY,3
523,HIGH,Latin,99,44,2015,CA,2
524,HIGH,Latin,80,48,2012,CA,4
525,HIGH,PE,99,59,NA,NY,3
526,HIGH,Latin,80,62,2012,CA,1
527,HIGH,PE,90,35,2012,CA,3
528,HIGH,Latin,86,41,2015,NY,4
529,HIGH,Science,80,65,2014,NY,4
530,HIGH,Science,73,70,2014,CA,2
531,ELEM,French,92,67,2014,NY,4
532,ELEM,Math,86,65,2014,NY,3
533,ELEM,Math,93,63,2015,CA,2
534,ELEM,Art,86,43,2015,CA,2
535,ELEM,Language Arts,84,60,2015,CA,5
536,ELEM,Art,98,65,2015,NY,3
537,ELEM,Language Arts,86,32,2013,NY,2
538,ELEM,Art,74,52,2013,CA,2
539,ELEM,Latin,74,60,2013,CA,3
540,MIDD,PE,82,56,2015,NY,3
541,MIDD,Spanish,64,48,2015,NY,4
542,MIDD,Art,80,51,2015,NY,1
543,MIDD,Language Arts,NA,44,2015,CA,3
544,MIDD,Spanish,75,68,2015,CA,4
545,MIDD,French,82,53,2014,NY,3
546,MIDD,Language Arts,93,42,2015,NY,3
547,MIDD,Language Arts,82,40,2014,CA,3
548,MIDD,French,72,55,2012,CA,2
549,HIGH,PE,76,64,2012,NY,2
550,HIGH,Language Arts,84,34,2012,CA,2
551,HIGH,Science,76,64,2012,CA,2
552,HIGH,PE,87,54,2012,CA,4
553,HIGH,Language Arts,70,50,2012,CA,3
554,HIGH,Science,84,41,2012,NY,4
555,HIGH,Science,80,34,2013,CA,2
556,HIGH,Language Arts,84,48,2015,NY,3
557,HIGH,Science,79,50,2014,CA,3
558,HIGH,PE,85,40,2014,CA,2
559,HIGH,PE,88,52,2014,NY,4
560,HIGH,Math,82,51,2014,CA,3
561,HIGH,Art,84,54,2014,CA,3
562,HIGH,Language Arts,87,46,2014,NY,4
563,HIGH,Language Arts,84,47,2014,CA,4
564,HIGH,Math,76,44,2014,CA,3
565,HIGH,Science,79,47,2014,CA,4
566,ELEM,Latin,90,47,2014,CA,2
567,ELEM,Latin,100,59,2014,NY,2
568,ELEM,Math,85,48,2012,NY,2
569,ELEM,Spanish,80,43,2012,NY,3
570,ELEM,Science,80,63,2012,CA,4
571,ELEM,Language Arts,70,34,2012,NY,3
572,ELEM,Math,100,46,2015,NY,2
573,ELEM,Science,75,42,2015,CA,3
574,ELEM,Language Arts,80,59,2015,CA,3
575,ELEM,French,80,64,2015,CA,3
576,ELEM,Spanish,100,49,2015,CA,2
577,ELEM,Math,90,56,2013,CA,3
578,ELEM,French,85,47,2013,CA,2
579,ELEM,Language Arts,80,46,2013,CA,3
580,ELEM,Language Arts,80,59,2013,CA,3
581,MIDD,Language Arts,76,41,2015,CA,2
582,MIDD,Science,76,57,2015,NY,2
583,HIGH,Spanish,66,56,2015,NY,3
584,HIGH,Spanish,80,63,2015,NY,3
585,HIGH,PE,99,47,2013,NY,4
586,HIGH,French,80,57,2013,NY,3
587,HIGH,Science,86,52,2013,CA,3
588,HIGH,Latin,99,55,2013,NY,3
589,HIGH,Science,66,55,2013,CA,2
590,HIGH,Science,80,48,2012,NY,3
591,HIGH,Language Arts,73,59,2013,CA,3
592,HIGH,Language Arts,88,43,2015,CA,4
593,HIGH,Language Arts,66,35,2015,NY,3
594,HIGH,French,88,55,2015,NY,3
595,HIGH,Art,93,55,2015,NY,3
596,HIGH,French,66,59,2015,CA,2
597,HIGH,Language Arts,80,26,2014,NY,2
598,ELEM,Science,61,47,2014,NY,2
599,ELEM,Language Arts,84,51,2015,NY,4
600,ELEM,Art,92,61,2015,CA,2
601,ELEM,French,98,63,2015,CA,3
602,ELEM,Art,98,45,2015,CA,3
603,ELEM,Art,86,60,2013,NY,4
604,ELEM,Art,74,41,2015,CA,3
605,ELEM,Math,98,56,2015,CA,2
606,ELEM,Art,86,45,2014,CA,3
607,ELEM,French,92,53,2015,CA,3
608,ELEM,Language Arts,92,48,2015,CA,3
609,MIDD,Math,93,61,2014,CA,2
610,MIDD,Spanish,69,35,2014,NY,2
611,MIDD,Latin,93,45,2012,NY,3
612,MIDD,Latin,91,55,2014,CA,7
613,HIGH,PE,88,38,NA,CA,3
614,HIGH,Math,76,48,2015,CA,3
615,HIGH,PE,84,61,2015,CA,4
616,HIGH,French,84,35,2015,CA,4
617,HIGH,Spanish,84,58,2015,CA,4
618,HIGH,Language Arts,82,39,2015,NY,4
619,HIGH,Math,87,68,2013,NY,4
620,HIGH,French,76,62,2013,CA,3
621,HIGH,Math,87,55,2013,NY,3
622,HIGH,Science,84,57,2013,CA,3
623,HIGH,French,82,53,2015,CA,3
624,HIGH,Spanish,80,60,2015,CA,3
625,HIGH,Science,91,62,2015,NY,2
626,HIGH,Science,82,49,2015,CA,2
627,HIGH,PE,87,59,2013,CA,2
628,HIGH,Language Arts,67,45,2013,CA,2
629,HIGH,French,84,38,2013,NY,3
630,HIGH,Math,88,51,2013,CA,4
631,HIGH,Math,87,63,2013,CA,3
632,HIGH,Latin,87,69,2012,CA,2
633,ELEM,Math,91,61,2013,CA,4
634,ELEM,Language Arts,86,47,2015,NY,3
635,ELEM,Language Arts,90,52,2015,CA,1
636,ELEM,PE,90,NA,2015,NY,3
637,ELEM,Art,100,36,2015,CA,4
638,ELEM,Art,80,44,2015,CA,4
639,ELEM,PE,70,28,2015,CA,2
640,MIDD,Art,80,59,2015,NY,4
641,MIDD,Art,84,50,2015,NY,3
642,MIDD,PE,89,38,2015,NY,2
643,MIDD,Science,84,49,2014,NY,2
644,MIDD,Language Arts,76,50,2013,NY,5
645,MIDD,Science,80,39,2015,NY,3
646,HIGH,Science,99,65,2015,CA,2
647,HIGH,PE,93,68,2015,NY,2
648,HIGH,Spanish,66,33,NA,NY,3
649,HIGH,Spanish,80,38,2013,CA,3
650,HIGH,Math,99,56,2015,NY,4
651,HIGH,Spanish,86,36,2015,CA,1
652,HIGH,Language Arts,66,43,2015,CA,3
653,HIGH,PE,94,45,2015,NY,4
654,HIGH,Language Arts,94,59,2013,CA,3
655,HIGH,Language Arts,86,59,2013,CA,3
656,HIGH,Language Arts,94,58,2013,NY,3
657,ELEM,Spanish,74,58,2013,NY,2
658,ELEM,Language Arts,80,47,2013,NY,2
659,ELEM,Language Arts,80,60,2012,CA,2
660,ELEM,Math,77,40,2013,CA,2
661,ELEM,Language Arts,77,57,2015,NY,4
662,ELEM,Art,83,57,2015,NY,3
663,ELEM,PE,92,60,2015,NY,4
664,ELEM,Math,77,43,2015,CA,2
665,ELEM,Science,92,49,2015,CA,3
666,MIDD,Math,90,53,2015,NY,3
667,MIDD,Language Arts,82,43,2015,NY,2
668,MIDD,Science,88,49,2015,CA,4
669,MIDD,Language Arts,91,67,2015,NY,3
670,HIGH,Art,84,39,2014,CA,3
671,HIGH,French,79,54,2013,CA,4
672,HIGH,Math,79,51,2015,CA,4
673,HIGH,Science,87,60,2013,NY,3
674,HIGH,PE,70,49,2015,CA,4
675,HIGH,Math,87,46,2015,NY,2
676,HIGH,Language Arts,61,63,2015,CA,2
677,HIGH,Language Arts,91,51,2015,CA,2
678,HIGH,PE,87,41,2013,NY,3
679,HIGH,PE,84,31,2013,NY,4
680,HIGH,Language Arts,70,49,2013,NY,3
681,HIGH,French,93,51,2013,CA,2
682,HIGH,French,87,50,2013,CA,3
683,HIGH,Spanish,84,58,2012,NY,3
684,HIGH,PE,67,56,2013,NY,3
685,HIGH,PE,76,34,2015,CA,2
686,HIGH,Language Arts,91,52,2015,NY,3
687,HIGH,Language Arts,76,44,2015,NY,2
688,HIGH,PE,90,42,2015,NY,3
689,HIGH,Latin,88,45,2015,CA,3
690,HIGH,Art,61,49,2015,CA,2
691,HIGH,Art,96,54,2015,NY,2
692,ELEM,Math,90,56,2015,NY,3
693,ELEM,Art,85,51,2015,NY,3
694,ELEM,Spanish,100,39,2014,NY,4
695,ELEM,PE,91,35,2013,NY,3
696,ELEM,Art,91,52,2015,NY,3
697,ELEM,French,80,50,2013,NY,3
698,ELEM,PE,100,45,2015,CA,2
699,ELEM,Science,80,45,2013,NY,3
700,ELEM,French,80,43,2012,CA,3
701,ELEM,PE,86,60,2012,CA,4
702,ELEM,Art,70,45,2015,CA,3
703,MIDD,Language Arts,80,40,2015,NY,3
704,MIDD,Art,89,36,2012,CA,3
705,MIDD,French,89,40,2012,NY,2
706,HIGH,Spanish,90,48,2015,NY,2
707,HIGH,Latin,80,51,2015,CA,2
708,HIGH,Latin,93,37,2013,CA,4
709,HIGH,PE,80,51,2013,NY,2
710,HIGH,Language Arts,90,51,2014,CA,3
711,HIGH,Latin,73,43,2014,CA,3
712,HIGH,PE,80,64,2012,CA,4
713,HIGH,Art,86,40,2013,NY,3
714,HIGH,Spanish,66,41,2015,NY,2
715,HIGH,Language Arts,66,48,2015,CA,3
716,HIGH,Science,88,33,2015,NY,3
717,HIGH,Language Arts,99,56,2013,NY,3
718,HIGH,Language Arts,93,51,2015,NY,2
719,HIGH,Language Arts,80,44,2013,NY,2
720,ELEM,Science,86,52,2012,NY,3
721,ELEM,Language Arts,86,45,2012,NY,7
722,ELEM,Science,86,40,2015,NY,3
723,ELEM,Latin,78,41,2015,CA,3
724,ELEM,Math,93,63,2012,CA,4
725,ELEM,Language Arts,86,62,2012,CA,4
726,ELEM,Language Arts,86,40,2015,NY,4
727,ELEM,Spanish,86,52,2015,CA,4
728,ELEM,Art,86,39,2013,CA,4
729,ELEM,Language Arts,77,76,2013,CA,3
730,ELEM,Science,83,59,2014,CA,3
731,ELEM,French,86,27,2014,NY,3
732,ELEM,Latin,84,45,2012,NY,3
733,MIDD,Latin,82,54,2013,NY,3
734,MIDD,PE,88,51,2015,CA,2
735,MIDD,Language Arts,93,55,2015,NY,2
736,HIGH,PE,90,41,2015,NY,2
737,HIGH,PE,67,53,NA,CA,2
738,HIGH,PE,96,60,2015,NY,3
739,HIGH,PE,95,49,2015,NY,4
740,HIGH,Spanish,84,47,2015,NY,3
741,HIGH,Art,79,48,2015,CA,2
742,HIGH,Language Arts,79,53,2015,NY,4
743,HIGH,French,70,47,2015,CA,3
744,HIGH,Language Arts,87,43,2013,NY,1
745,HIGH,Art,87,61,2013,CA,3
746,HIGH,French,87,47,2015,NY,4
747,HIGH,Math,84,67,2013,CA,4
748,HIGH,Latin,82,37,2012,CA,2
749,HIGH,Language Arts,79,63,2012,NY,4
750,HIGH,Latin,76,53,2015,CA,3
751,HIGH,Language Arts,84,44,2015,CA,2
752,ELEM,French,91,24,2012,CA,2
753,ELEM,French,86,19,2012,CA,5
754,ELEM,Spanish,86,30,2015,NY,3
755,ELEM,Science,80,41,2015,NY,2
756,ELEM,Math,80,29,2013,CA,2
757,ELEM,Science,85,22,2013,CA,3
758,ELEM,Spanish,91,36,2014,CA,3
759,ELEM,Science,70,44,2014,NY,4
760,ELEM,PE,80,45,2012,CA,1
761,ELEM,Latin,80,41,2013,NY,3
762,MIDD,French,80,19,2015,CA,4
763,MIDD,Latin,87,51,2015,NY,3
764,MIDD,Science,80,29,2015,NY,3
765,MIDD,French,92,30,2015,CA,3
766,HIGH,PE,80,42,2015,CA,2
767,HIGH,Latin,86,34,2015,NY,2
768,HIGH,Latin,86,43,2013,NY,2
769,HIGH,PE,66,32,2013,CA,2
770,HIGH,Art,80,48,2015,NY,4
771,HIGH,NA,99,22,2013,NY,3
772,HIGH,Language Arts,99,19,2012,CA,4
773,HIGH,Science,66,35,2012,CA,2
774,HIGH,French,80,34,2015,NY,3
775,HIGH,Art,73,35,2015,CA,3
776,HIGH,Science,80,48,2012,CA,2
777,HIGH,Art,94,32,NA,NY,4
778,HIGH,Science,93,46,2015,CA,3
779,HIGH,Science,80,30,2015,CA,3
780,ELEM,Science,77,33,2013,NY,4
781,ELEM,Language Arts,94,52,2013,NY,4
782,ELEM,Spanish,66,52,2014,CA,3
783,ELEM,Science,86,38,2014,CA,4
784,ELEM,Science,86,28,2012,NY,2
785,ELEM,Language Arts,93,21,2013,CA,2
786,ELEM,French,92,41,2015,NY,2
787,ELEM,Science,77,43,2015,NY,3
788,ELEM,Language Arts,98,49,2015,NY,4
789,ELEM,Math,82,10,2015,CA,3
790,ELEM,Language Arts,86,35,2015,NY,2
791,ELEM,Science,86,43,2015,CA,3
792,ELEM,Latin,86,43,2013,CA,3
793,ELEM,Science,74,41,2013,CA,3
794,MIDD,French,77,16,2015,NY,2
795,MIDD,Art,93,27,2013,CA,3
796,MIDD,Language Arts,88,43,2012,CA,2
797,MIDD,PE,62,43,2012,NY,3
798,MIDD,Language Arts,94,28,2015,NY,3
799,MIDD,Spanish,75,43,2015,NY,2
800,MIDD,Latin,68,28,2012,NY,2
801,MIDD,Math,73,38,2012,CA,3
802,MIDD,PE,67,38,2015,CA,3
803,HIGH,Latin,84,24,2015,NY,4
804,HIGH,NA,82,47,2013,NY,3
805,HIGH,PE,84,57,2013,NY,3
806,HIGH,Science,87,27,2014,CA,3
807,HIGH,French,85,61,2014,NY,2
808,HIGH,Spanish,87,39,2012,NY,3
809,HIGH,Spanish,84,27,2013,NY,3
810,HIGH,Art,67,44,2015,NY,4
811,HIGH,Science,80,53,2015,NY,3
812,HIGH,Spanish,85,22,2015,NY,3
813,HIGH,Language Arts,79,18,2015,CA,3
814,HIGH,PE,84,48,2015,CA,2
815,HIGH,PE,95,27,2015,CA,2
816,HIGH,Language Arts,84,34,2013,NY,2
817,HIGH,Language Arts,84,33,2013,CA,4
818,HIGH,French,85,43,2015,CA,2
819,HIGH,French,76,35,2013,NY,3
820,HIGH,Art,79,38,2012,CA,3
821,HIGH,Science,96,32,2012,CA,4
822,ELEM,Latin,86,56,2015,CA,3
823,ELEM,Art,91,29,NA,CA,2
824,ELEM,Language Arts,86,24,2015,NY,3
825,ELEM,Latin,91,30,2015,NY,3
826,ELEM,Art,80,30,2014,NY,3
827,ELEM,Art,85,39,2014,NY,2
828,ELEM,Math,90,22,2015,CA,2
829,ELEM,French,91,34,2015,CA,3
830,ELEM,Latin,91,60,2013,CA,7
831,ELEM,Math,85,30,2013,NY,3
832,ELEM,Language Arts,80,26,2014,NY,3
833,MIDD,Language Arts,80,46,2015,NY,4
834,MIDD,Science,71,30,2015,CA,4
835,MIDD,Spanish,87,24,2015,CA,4
836,MIDD,Spanish,94,26,2015,NY,4
837,MIDD,PE,94,45,2015,NY,4
838,MIDD,Language Arts,89,33,2015,NY,3
839,HIGH,Science,88,33,NA,CA,3
840,HIGH,French,80,29,2013,CA,3
841,HIGH,Science,88,49,2015,CA,3
842,HIGH,Latin,80,23,2013,NY,3
843,HIGH,Science,66,36,2012,CA,2
844,HIGH,Language Arts,66,36,2012,CA,2
845,HIGH,Language Arts,93,23,2015,CA,2
846,HIGH,PE,66,34,2015,CA,2
847,HIGH,Latin,99,53,2012,CA,3
848,HIGH,Language Arts,80,37,2012,CA,4
849,HIGH,Spanish,99,35,2015,NY,3
850,HIGH,Latin,86,11,2015,NY,2
851,ELEM,French,86,55,2013,NY,4
852,ELEM,Science,86,40,2013,NY,3
853,ELEM,Math,66,16,2014,NY,1
854,ELEM,Art,74,41,2014,CA,3
855,ELEM,Language Arts,86,41,2012,NY,4
856,ELEM,French,86,48,2013,NY,4
857,ELEM,French,83,45,2015,NY,2
858,ELEM,Math,98,36,2015,CA,4
859,ELEM,Latin,90,35,2015,NY,3
860,ELEM,Science,98,47,2015,CA,2
861,ELEM,Art,74,28,2015,NY,2
862,ELEM,Science,69,44,2015,CA,5
863,ELEM,Science,86,40,2013,NY,3
864,ELEM,Art,66,22,2013,NY,2
865,MIDD,Spanish,82,30,2015,NY,2
866,MIDD,French,85,33,2013,NY,3
867,MIDD,Language Arts,72,40,2012,NY,3
868,MIDD,French,82,22,2012,NY,4
869,MIDD,Art,64,42,2015,CA,1
870,MIDD,Language Arts,85,38,2015,CA,3
871,MIDD,Language Arts,85,19,2012,NY,4
872,MIDD,Art,73,39,2012,CA,3
873,HIGH,PE,79,41,2015,NY,3
874,HIGH,French,84,42,2015,NY,3
875,HIGH,Science,84,52,2013,CA,2
876,HIGH,Science,93,20,2013,CA,2
877,HIGH,Science,67,45,2014,NY,2
878,HIGH,Spanish,82,22,2014,CA,2
879,HIGH,French,76,29,2012,NY,4
880,HIGH,French,67,25,2013,CA,3
881,HIGH,Art,82,25,2015,NY,4
882,HIGH,PE,61,30,2015,CA,2
883,HIGH,PE,88,37,2015,NY,3
884,HIGH,Spanish,82,26,2015,CA,3
885,HIGH,Latin,67,27,2015,NY,2
886,ELEM,French,90,30,2015,NY,4
887,ELEM,Science,100,20,2013,NY,3
888,ELEM,Latin,85,30,2013,CA,3
889,ELEM,Science,70,22,2015,NY,4
890,ELEM,Spanish,86,19,2013,NY,4
891,ELEM,PE,90,30,2012,CA,3
892,ELEM,Science,91,38,2012,CA,4
893,ELEM,Math,75,14,2015,CA,2
894,ELEM,Language Arts,100,49,2015,CA,2
895,ELEM,Science,90,41,2015,CA,2
896,ELEM,Science,91,38,2014,NY,3
897,ELEM,Science,85,36,2014,NY,4
898,ELEM,Latin,85,42,2014,CA,3
899,MIDD,Science,80,31,2014,CA,2
900,HIGH,Math,66,40,2014,NY,3
901,HIGH,Math,93,39,2014,CA,3
902,HIGH,Spanish,99,46,2014,NY,3
903,HIGH,Science,93,37,2014,NY,2
904,HIGH,Spanish,94,36,2012,CA,3
905,HIGH,Science,93,24,2012,CA,2
906,HIGH,French,99,17,2014,NY,3
907,HIGH,Language Arts,93,42,2013,NY,3
908,HIGH,Language Arts,80,47,2014,CA,2
909,HIGH,Science,94,41,2014,NY,2
910,HIGH,Language Arts,94,56,2014,CA,3
911,HIGH,Language Arts,94,43,2014,NY,3
912,HIGH,PE,99,49,2012,NY,4
913,ELEM,Science,86,23,2012,NY,3
914,ELEM,Language Arts,70,30,2012,NY,3
915,ELEM,PE,82,36,2012,CA,3
916,ELEM,Language Arts,93,23,2014,NY,2
917,ELEM,Art,86,27,2014,NY,3
918,ELEM,Spanish,90,40,2014,NY,3
919,ELEM,Science,74,20,2014,CA,4
920,ELEM,Language Arts,74,31,2012,CA,3
921,MIDD,Math,78,25,2012,CA,3
922,MIDD,Language Arts,87,16,2015,NY,3
923,MIDD,Art,96,30,2015,CA,2
924,MIDD,Latin,66,22,2015,CA,2
925,HIGH,Science,93,35,2015,NY,2
926,HIGH,Spanish,87,31,2013,NY,4
927,HIGH,Science,67,29,2013,NY,2
928,HIGH,French,87,36,2013,NY,3
929,HIGH,PE,93,47,2013,NY,3
930,HIGH,Art,67,56,2013,NY,4
931,HIGH,Art,87,30,2015,NY,3
932,HIGH,Language Arts,84,26,2015,CA,2
933,HIGH,Math,82,29,2015,NY,3
934,HIGH,Science,70,38,2012,NY,3
935,HIGH,Latin,79,20,2015,NY,3
936,HIGH,Art,70,24,2015,CA,2
937,HIGH,PE,84,26,2015,NY,2
938,HIGH,French,88,32,2015,NY,3
939,HIGH,French,67,36,2015,CA,7
940,ELEM,PE,80,47,2015,NY,3
941,ELEM,Language Arts,70,28,2015,CA,3
942,ELEM,French,75,46,NA,CA,4
943,ELEM,Language Arts,90,25,2015,NY,4
944,ELEM,Science,85,23,2015,NY,4
945,ELEM,Language Arts,100,26,2015,CA,4
946,ELEM,Language Arts,90,25,2015,CA,4
947,ELEM,Science,90,38,2013,CA,3
948,ELEM,Art,100,51,2013,CA,3
949,ELEM,Language Arts,80,49,2015,NY,3
950,ELEM,French,90,34,2013,NY,3
951,MIDD,Language Arts,80,30,2012,CA,3
952,MIDD,Spanish,94,20,2012,CA,2
953,MIDD,Science,87,32,2015,CA,2
954,MIDD,Spanish,71,27,2015,CA,2
955,HIGH,PE,73,40,2012,NY,2
956,HIGH,Language Arts,88,37,2012,NY,3
957,HIGH,Language Arts,80,29,2015,NY,4
958,HIGH,Math,93,16,2015,NY,3
959,HIGH,Latin,93,40,2013,NY,2
960,HIGH,Latin,66,52,2013,CA,4
961,HIGH,French,88,26,2014,NY,3
962,HIGH,French,80,40,2014,NY,1
963,HIGH,French,80,52,2012,CA,3
964,HIGH,Language Arts,86,39,2013,CA,4
965,HIGH,Latin,93,46,2015,CA,4
966,HIGH,Art,90,12,2015,CA,2
967,HIGH,Language Arts,93,24,2015,NY,4
968,HIGH,Language Arts,88,40,2015,CA,3
969,ELEM,Art,77,26,2015,NY,2
970,ELEM,Language Arts,74,52,2015,NY,2
971,ELEM,PE,70,20,2013,CA,5
972,ELEM,Language Arts,70,47,2013,CA,3
973,ELEM,Latin,74,43,2015,NA,2
974,ELEM,Latin,90,27,2013,NY,2
975,ELEM,French,98,30,2012,NY,3
976,ELEM,Language Arts,70,21,2012,CA,3
977,MIDD,Art,96,35,2015,NY,4
978,MIDD,PE,85,29,2015,NY,1
979,MIDD,Science,93,36,2012,CA,3
980,MIDD,French,87,27,2012,NY,4
981,MIDD,PE,96,32,2015,NY,3
982,MIDD,NA,96,44,2015,NA,3
983,HIGH,Math,87,34,2013,CA,3
984,HIGH,Language Arts,82,12,2013,CA,2
985,HIGH,Art,84,38,2014,CA,2
986,HIGH,Math,84,38,2014,CA,2
987,HIGH,French,87,28,2012,NY,2
988,HIGH,Math,87,36,2013,NY,4
989,HIGH,Math,79,33,2015,CA,3
990,HIGH,Language Arts,87,45,2015,CA,4
991,HIGH,Spanish,87,19,2015,NY,2
992,HIGH,Science,79,27,2015,CA,3
993,HIGH,Language Arts,84,41,2015,CA,3
994,HIGH,French,79,53,2015,CA,2
995,HIGH,Language Arts,84,28,2013,NY,4
996,HIGH,Science,95,31,2013,CA,3
997,HIGH,Science,76,31,2015,NY,3
998,HIGH,Spanish,82,35,2013,CA,4
999,HIGH,Science,96,38,2012,NY,4
1000,HIGH,French,82,35,2012,CA,3
