ResponseId,H1,H2,H3,H4,H5,H6,H7,H8,H9,H10,H11,H12,H13,sit1,sit2,sit3,sit4,sit5,sit6,sit7,sit8_r,sit9,PS1_R,PS2,PS3_R,PS4,PS5_R,PS6,PS7,Centrality_1,Centrality_2,Centrality_3,Centrality_4,Centrality_5,Centrality_6,Centrality_7,Race,Drop
R_Wfk9ow9r99OeeRz,4,6,5,4,4,5,6,5,5,6,4,5,5,1,1,1,1,1,1,1,1,1,6,3,5,3,5,6,6,6,4,4,4,5,5,6,POC,keep
R_yr1gCl44tqQfiH7,2,1,1,1,1,1,1,4,4,2,4,2,1,1,1,1,1,1,1,1,1,1,3,6,2,5,3,2,6,5,3,4,3,1,1,1,White,keep
R_RrE1L1CwhURiqxr,6,5,2,2,5,6,6,1,4,2,6,6,3,6,5,6,6,5,5,3,5,2,5,2,6,2,6,1,2,5,3,5,5,6,5,5,POC,keep
R_30dEWO0vfb2gfrv,2,1,2,2,3,1,1,4,6,2,6,2,2,1,2,2,1,1,1,1,1,1,3,7,2,6,2,7,6,4,4,4,4,1,1,1,White,keep
R_33yDqZS9APc1jGc,4,3,3,4,3,2,5,3,4,4,5,4,4,1,1,3,1,1,1,1,1,1,6,3,6,4,4,4,5,3,3,2,5,1,1,1,White,keep
R_C7c2e0B5sg90sx3,5,1,1,2,2,1,1,5,6,4,4,3,2,1,3,2,2,2,1,1,1,1,3,5,1,6,3,5,6,4,4,5,5,3,6,5,White,keep
R_3r2Hj8vSLUyTkoV,4,1,3,4,3,5,2,7,7,5,4,6,1,1,1,1,1,1,1,1,1,1,1,5,1,3,2,3,7,6,5,1,1,4,4,4,POC,keep
R_0I23Dtvgn7dG7gB,5,5,5,2,2,2,2,5,5,5,5,2,5,2,2,3,2,2,2,2,2,2,3,3,2,3,2,6,5,5,5,5,5,5,5,5,POC,keep
R_4OUrqoi5H7KRtLj,5,2,2,2,3,5,5,3,5,5,5,3,3,6,5,6,6,5,3,5,3,3,2,6,2,5,3,2,6,5,5,6,3,1,5,2,White,keep
R_PNSQGmOAjMeV7r3,5,3,3,2,2,2,5,2,6,5,5,2,2,1,1,1,1,1,1,1,1,1,2,6,4,6,1,6,7,6,4,1,2,1,6,2,White,keep
R_qwsjuzv9JPg0z2p,2,1,2,2,2,1,1,3,2,2,5,3,3,2,5,3,5,3,4,1,1,1,2,6,1,5,2,7,6,4,3,5,3,2,4,2,White,keep
R_skjy78mj1prlaQp,6,4,6,5,6,3,5,6,5,5,7,6,6,5,5,5,5,4,5,4,4,5,3,5,5,5,5,3,5,5,5,4,5,5,5,4,POC,keep
R_UbAcg9r6GMUnxbb,2,4,3,2,2,4,6,6,6,6,5,6,5,1,1,1,1,1,1,1,1,1,5,3,6,2,5,2,5,3,3,1,1,1,1,1,White,keep
R_2PdGb3ljMkMeMYO,5,1,7,1,5,1,1,7,7,7,4,7,3,1,1,1,1,1,1,1,1,1,2,7,4,6,1,4,7,7,7,7,7,7,7,7,POC,keep
R_2ahKa4w2KXEZJax,2,2,2,2,2,2,1,7,6,6,3,2,2,1,1,1,1,1,1,1,1,1,1,7,1,7,1,7,7,4,4,2,3,1,1,1,POC,keep
R_1ISDQCgA0gElI0U,4,2,1,2,2,7,4,4,6,4,6,6,1,1,1,1,1,1,1,1,1,2,4,6,2,6,5,7,5,4,4,3,4,4,5,7,POC,keep
R_2wsEQ2cLapF06mC,3,4,3,3,5,2,3,2,5,5,6,2,5,1,1,1,1,1,1,1,1,1,3,4,5,4,2,5,7,1,1,5,4,1,2,1,White,keep
R_2PnHNOO51qWnvek,2,2,3,1,2,1,1,3,5,3,3,3,2,1,1,1,1,1,1,1,1,1,2,6,3,6,2,6,6,4,3,4,4,2,4,1,White,keep
R_12lkRDAVpoJ99oN,2,1,1,1,1,2,2,6,6,6,7,4,1,1,5,1,5,1,1,1,1,2,3,2,2,6,3,5,1,4,3,2,4,2,5,2,White,keep
R_bq1FqOTOXdBcroR,2,2,2,2,2,2,2,6,6,5,4,6,2,1,1,1,1,1,1,1,1,1,1,6,1,6,1,6,6,5,7,6,7,7,7,7,POC,keep
R_1rkmqZhppNJMsUP,1,1,1,1,3,2,1,5,5,7,1,5,2,1,1,1,1,1,1,1,1,1,2,7,2,7,2,6,6,1,1,2,1,1,2,1,White,keep
R_ClUR5KW8P0uuQFj,2,1,1,1,2,1,1,2,7,2,1,5,1,1,1,1,1,1,1,1,1,1,1,7,1,6,2,6,7,7,5,3,7,4,7,7,White,keep
R_2zxc7PRvJmWWPdT,3,2,6,3,5,3,3,5,6,5,4,4,3,5,7,5,6,2,1,2,2,2,1,6,1,5,2,7,7,7,7,7,6,7,7,7,POC,keep
R_2Wv8NsNiS2JBNru,6,2,2,2,5,2,5,5,6,4,4,3,2,3,5,2,5,2,2,2,2,3,5,6,2,5,2,6,6,7,7,7,7,7,7,7,POC,keep
R_1K2pm9u2HkaLwHj,2,3,2,2,2,2,2,4,5,3,5,2,2,2,1,1,2,1,1,1,1,1,3,3,6,5,1,5,5,5,4,4,5,5,5,4,White,keep
R_Dia4nzv9Rd8vlPH,4,4,2,2,5,2,2,3,5,4,5,2,4,1,3,3,1,1,1,1,1,1,2,5,4,6,2,4,6,1,2,3,4,3,5,3,White,keep
R_3JxfnnHNucwFEyn,7,5,6,5,5,5,6,3,5,7,6,5,3,1,1,1,1,1,1,1,1,1,5,5,1,3,5,7,5,2,1,2,1,1,5,1,White,keep
R_2y7QJx5Jkj6HfyU,5,2,2,1,3,1,1,2,3,3,4,3,2,1,5,5,2,1,1,1,1,1,4,4,5,5,3,6,6,6,5,6,5,7,6,5,POC,keep
R_2t3cbXgeKpaSjaH,2,1,7,2,7,6,3,7,2,7,7,4,1,1,1,1,1,1,1,1,1,1,2,2,1,5,1,6,6,3,3,6,7,7,5,7,POC,keep
R_33stp1ZIA37HdNL,3,3,3,2,2,2,3,2,5,3,2,2,2,1,1,1,1,1,1,1,1,1,3,6,3,3,3,4,5,1,2,2,1,1,1,1,White,keep
R_bDRaucZ1q3INlq9,1,2,2,2,2,1,2,5,6,6,2,3,1,1,2,1,2,1,1,1,1,1,1,7,1,5,2,7,6,7,7,7,5,7,4,7,POC,keep
R_DVpeWSfuUoAHS37,4,3,5,3,5,3,6,3,6,5,5,5,2,4,5,5,4,4,2,2,2,2,4,5,5,5,4,3,5,5,5,6,5,7,5,5,POC,keep
R_22Lo9UFC8ETSjTv,2,2,2,1,1,2,2,2,6,3,5,2,2,1,1,2,1,1,1,1,1,1,3,5,3,6,2,6,7,5,5,5,6,4,5,6,White,keep
R_3hFxj1yHV0W7tBc,5,2,3,3,3,1,1,6,6,3,7,3,5,1,1,1,1,1,1,1,1,1,3,6,1,6,2,6,6,4,4,4,3,3,3,3,White,keep
R_1rdIWqmJ7qk90DA,7,7,7,7,7,7,6,7,7,7,7,7,7,2,2,2,2,2,2,2,2,2,7,5,5,3,5,3,6,7,7,7,6,7,7,6,POC,keep
R_3R44778YzUuqgVI,3,2,2,5,5,2,2,6,3,6,7,6,2,1,1,1,1,1,1,1,1,1,5,6,2,3,2,6,6,5,5,4,4,4,6,4,POC,keep
R_1MNdg9hXmDLQRpH,5,2,6,1,4,2,2,6,2,4,3,2,2,4,4,4,6,4,5,4,2,5,4,4,5,4,6,4,5,6,5,6,5,7,6,6,POC,keep
R_W9xkTSnidDj4yzf,5,2,3,2,3,4,3,3,5,7,6,5,2,1,3,5,2,1,1,1,1,1,6,2,2,3,6,2,1,2,2,2,2,2,3,3,White,keep
R_3NICnz2njbbP90f,2,2,1,2,2,1,1,4,5,2,3,2,5,1,1,1,1,1,1,1,1,1,2,5,3,5,1,6,6,2,4,2,2,1,1,1,White,keep
R_Tnoal27VrhkmEpz,2,4,1,1,3,1,1,7,7,1,5,1,2,1,1,1,1,1,1,1,1,1,1,6,2,5,1,7,5,2,2,5,6,4,4,4,White,keep
R_pt3fE6VfXxg8WA1,1,1,1,1,1,1,1,2,2,1,1,2,1,1,1,1,1,1,1,1,1,1,2,6,6,6,1,7,7,6,6,4,4,4,4,4,POC,keep
R_OGYeUHmChW6ScUh,3,4,4,5,6,4,3,6,6,7,4,6,4,2,2,3,2,5,4,3,4,4,4,5,2,6,2,4,5,6,6,6,6,7,6,6,POC,keep
R_2Xdm4ZrNVLXxRex,2,4,1,1,1,2,2,3,6,3,2,2,3,1,1,1,1,1,1,1,1,1,3,6,4,4,3,3,6,4,5,5,5,4,5,5,White,keep
R_a9sEXJF4AHaMTbX,3,3,3,2,2,2,2,3,3,3,3,3,2,1,1,4,1,1,1,1,1,4,5,5,5,5,3,3,5,7,7,5,3,3,4,1,White,keep
R_b87N385uuBl2rZL,5,4,6,5,7,5,6,6,6,4,4,3,6,1,1,1,1,1,1,1,1,1,5,4,5,3,4,5,5,4,4,3,4,3,3,3,White,keep
R_BKDWgzLsLFzhf45,6,3,6,2,3,1,2,3,6,6,5,4,3,1,1,3,1,1,1,1,1,1,2,6,3,2,2,3,5,4,4,7,5,2,4,2,White,keep
R_XXOt3ahwa2u451L,3,2,1,1,2,2,2,5,6,3,6,3,2,1,2,1,1,1,1,1,1,1,2,6,2,6,2,6,7,1,2,2,5,2,2,3,White,keep
R_3nMbz605Lax7OBO,7,7,4,1,1,7,7,1,4,7,7,4,1,1,1,4,1,1,1,1,1,1,1,1,7,1,4,7,7,4,4,1,1,1,1,1,White,keep
R_cTFGOAhNw8xYjLz,3,2,3,3,3,3,3,2,3,3,5,3,3,1,1,1,1,1,1,1,1,1,4,4,4,3,4,3,4,1,1,3,3,1,2,2,White,keep
R_2eXyLTmRpcJlgiL,7,5,5,3,6,4,4,7,4,6,7,6,5,1,1,1,1,1,1,1,1,1,3,7,1,4,1,7,7,1,1,1,2,7,4,4,White,keep
R_Z7W8eJWig4Y5BfP,3,5,2,2,4,3,5,5,5,5,6,5,3,4,4,5,6,5,2,5,2,5,3,5,4,4,3,4,2,7,7,1,7,7,7,7,POC,keep
R_3FQG2PNc48f6vCT,6,4,5,3,3,5,3,5,2,6,3,3,3,3,3,5,3,3,5,3,6,2,6,5,5,5,2,2,3,7,7,7,7,7,7,7,POC,keep
R_2pXhcez3bJFHUiM,3,2,2,1,1,1,1,6,6,5,4,4,3,1,2,2,2,1,1,1,1,1,1,7,1,7,1,6,6,4,4,4,4,4,2,2,White,keep
R_3iKojTqdguU5M6W,6,2,5,5,3,2,2,3,5,3,5,3,2,2,1,2,2,1,1,1,1,1,2,3,5,4,5,5,5,7,7,5,6,6,7,7,POC,keep
R_1eDZLNmoU2C3oAA,6,5,6,4,2,3,3,2,5,5,3,2,5,1,5,3,1,1,1,1,1,5,3,3,6,3,5,5,5,3,3,3,5,2,4,4,White,keep
R_3njWVfnliH7gCAW,2,1,2,1,1,2,1,4,7,7,6,2,2,5,4,6,5,1,2,2,2,2,4,5,2,5,2,6,6,3,5,1,3,5,6,4,POC,keep
R_cCNsiVaOkifMZup,3,2,2,2,3,2,3,4,5,4,3,3,2,1,2,1,1,1,1,1,1,2,4,6,2,6,2,5,6,6,5,7,7,7,7,7,White,keep
R_3p6e0IUDPcZRpg7,2,3,2,2,3,4,2,4,5,6,6,5,6,2,2,2,2,2,2,2,2,2,2,5,3,5,2,6,5,5,5,6,6,6,6,6,POC,keep
R_2dLS7HfwadUXvdO,2,4,3,1,2,1,2,5,3,4,6,5,4,1,1,1,1,1,1,1,1,1,2,6,2,4,2,6,6,7,7,7,7,7,7,7,POC,keep
R_3iEWpqcGJxeZvTA,2,3,3,2,3,3,3,6,5,5,4,5,2,1,1,1,1,1,1,1,1,1,3,5,5,4,3,5,4,3,3,1,5,4,6,4,White,keep
R_SZrEDh3xNJY9RcJ,2,2,2,2,4,2,2,6,3,5,4,5,3,5,5,5,5,5,5,5,5,5,4,4,5,5,4,3,4,7,7,7,7,7,7,7,POC,keep
R_3stPBUcFYIZd2Oi,4,3,2,2,3,2,2,5,5,3,3,3,3,1,1,1,1,1,1,1,1,1,2,5,5,5,2,3,7,3,2,2,2,2,2,2,White,keep
R_2P7lkFcE9GXhL05,4,4,4,4,5,4,5,5,5,5,4,4,5,4,4,4,4,4,4,4,4,4,2,6,4,5,3,6,7,5,5,2,4,4,2,3,White,keep
R_3kjQLFIMCVKahz9,2,2,2,2,2,2,2,2,5,3,4,4,2,1,1,1,1,1,1,1,1,1,3,5,2,5,3,4,6,2,3,3,3,6,5,5,White,keep
R_UGb8KjADkKHanBf,4,2,4,5,4,4,4,6,7,6,6,5,5,1,1,1,1,1,1,1,1,1,2,6,2,4,2,6,6,7,7,7,7,7,7,7,POC,keep
R_2B9CIHGpTSul5I1,6,5,5,6,6,2,5,7,6,7,7,7,6,4,5,4,4,4,4,4,2,4,5,1,5,3,5,2,3,4,4,4,5,4,4,4,White,keep
R_USzdRKXOrtf8stX,4,2,3,2,3,5,7,2,6,4,1,6,7,1,1,1,1,1,1,1,1,1,3,3,1,4,2,5,7,5,5,4,5,6,7,7,POC,keep
R_5nj3qRwV5aa1fWx,6,4,5,2,2,2,2,6,6,3,3,5,2,1,1,1,1,1,1,1,1,1,5,6,2,6,2,7,7,6,4,4,5,5,6,4,White,keep
R_1Dr5vJX9xSQNL4O,1,2,2,1,3,1,3,1,2,5,1,1,2,1,5,3,1,1,1,1,1,1,2,7,1,7,1,2,7,7,7,5,5,7,6,5,POC,keep
R_3DdrVy9H7plMzqp,6,6,7,7,6,7,7,5,3,7,5,6,6,1,1,1,1,1,1,1,1,1,6,3,6,2,6,3,5,2,2,2,2,1,3,2,White,keep
R_1DMyhgWOsVEEfEL,1,1,1,1,2,1,1,6,6,4,7,6,6,1,1,1,1,1,1,1,1,1,5,6,1,6,1,3,5,4,3,5,5,3,3,3,White,keep
R_12osxOZiZ9Y6anA,3,2,2,2,2,3,4,5,6,4,7,4,6,1,1,1,1,2,1,1,1,2,3,5,3,5,2,5,6,2,2,2,2,2,2,2,White,keep
R_2fwcvBxioIleD5y,2,2,1,1,1,2,4,7,5,2,7,5,1,5,1,5,5,2,2,1,1,3,5,6,1,6,1,6,6,6,7,6,7,6,7,7,POC,keep
R_2vfhbYXyHKuLhiH,5,7,3,6,5,3,6,3,6,3,6,5,6,6,7,7,7,6,6,6,6,6,5,2,6,2,4,3,5,6,6,7,6,4,5,6,White,keep
R_1M5na7vELa5zsFK,3,1,2,1,2,1,1,5,4,4,6,4,2,1,1,1,1,1,1,1,1,1,2,5,2,5,2,5,5,2,2,3,2,6,2,3,POC,keep
R_2ZU14dFN8OXN8oB,2,2,2,2,2,2,3,2,2,2,3,2,2,1,1,1,1,1,1,1,1,1,2,5,2,6,4,1,3,7,7,7,7,7,7,7,White,keep
R_2aODe8IgKlIdoL8,3,2,2,2,2,3,3,5,6,7,6,3,2,1,1,1,1,1,1,1,1,1,5,3,5,3,2,6,7,3,3,3,3,3,3,3,POC,keep
R_3n8DVDI2tVxKQV7,5,4,5,4,5,6,6,5,5,6,5,5,5,5,5,5,5,4,4,5,4,5,5,5,5,4,2,4,6,5,5,5,5,5,4,4,POC,keep
R_2SqtZWTv4C8vMNj,3,1,3,2,3,1,1,5,3,4,6,1,1,1,1,1,1,1,1,1,1,1,3,5,2,3,3,4,7,3,3,3,3,3,2,2,White,keep
R_OfCpFe5GJBLfcWJ,3,2,2,1,2,2,5,6,7,5,5,5,5,1,1,1,1,1,1,1,1,1,1,7,2,6,1,7,7,4,4,2,2,5,2,2,POC,keep
R_29uGQHgVJ1AAPg1,2,3,1,1,2,2,2,4,7,5,5,3,4,1,2,2,1,2,2,2,1,2,5,6,3,3,3,5,5,5,5,3,5,4,5,5,White,keep
R_3OpHljP1A6s9iWi,5,2,6,6,6,7,7,3,6,7,6,7,2,2,2,2,2,2,2,2,2,2,5,2,6,1,6,3,2,2,2,2,2,3,2,3,White,keep
R_xnfd0q3MSnAgMP7,2,2,2,1,2,1,1,1,6,1,7,2,6,1,4,1,4,1,1,1,1,1,2,7,1,7,1,3,7,5,4,2,6,6,4,4,White,keep
R_3hyzDGdaXGW7U2F,6,4,2,1,7,4,1,7,2,7,4,4,1,1,1,1,2,1,1,1,1,1,1,7,1,7,1,6,7,1,1,1,1,7,4,2,POC,keep
R_3m97AVzYf8ZMICe,5,4,3,3,4,2,3,6,5,4,6,4,4,3,4,3,4,4,4,3,3,3,3,5,2,4,3,6,5,4,4,3,4,6,6,5,POC,keep
R_2TvqWa96I5W43e4,1,2,2,1,2,2,2,4,3,5,5,5,4,1,1,1,1,1,1,1,1,1,5,5,1,5,2,3,6,1,1,1,5,4,4,4,White,keep
R_3wPFjQYoO9ghMkh,2,2,2,2,2,1,1,3,5,5,6,2,3,1,5,5,1,1,1,1,1,1,3,5,2,3,2,6,5,4,5,4,4,2,5,4,White,keep
R_5uTgQeNnyymXFrb,5,3,2,4,2,5,5,4,3,6,7,4,3,4,5,6,6,6,5,5,5,4,4,3,6,2,3,2,5,3,3,3,4,3,2,1,POC,keep
R_2P6eyyZueBx0tDr,1,1,2,1,1,1,1,5,6,2,7,6,1,1,1,1,1,1,1,1,1,1,2,5,1,5,2,6,6,2,2,2,2,1,2,1,White,keep
R_2dGOS9SAx1h5bj2,3,1,3,1,3,1,1,6,5,6,6,5,3,2,2,2,1,1,1,1,1,1,3,6,4,6,3,6,6,6,6,5,5,6,5,5,POC,keep
R_3hAdHA67t5xKykI,3,4,2,4,4,3,4,6,6,4,6,4,3,1,4,5,4,1,1,1,1,1,4,3,3,5,3,4,6,6,6,6,5,7,5,7,POC,keep
R_1pQpGTFErfrto6y,2,2,2,1,2,2,2,2,3,5,5,2,3,1,1,1,1,1,1,1,1,1,2,6,6,6,5,1,7,7,7,3,5,7,3,3,POC,keep
R_3HovniNq3jzVA64,2,1,2,2,2,5,4,7,7,6,6,6,4,2,2,1,1,1,2,1,2,1,2,6,2,6,1,6,5,6,7,6,6,7,6,6,POC,keep
R_3kFYbq87yb7Xj8i,1,1,2,1,2,1,4,6,1,6,1,4,1,1,1,1,1,1,1,1,1,1,1,7,1,7,1,6,6,1,1,1,1,7,7,1,White,keep
R_9TeFpJhXn3Yc0pP,6,3,3,3,3,2,2,3,6,6,6,5,5,1,2,1,1,1,1,1,1,1,3,6,1,4,2,2,6,1,1,3,4,7,4,6,White,keep
R_0fadEkyo8JTs7qF,6,7,5,5,5,4,6,3,6,5,5,5,7,7,7,7,7,7,7,7,7,7,7,4,6,1,3,1,1,7,7,7,7,7,7,7,White,keep
R_3rHuRtudmOHeETV,3,3,3,3,2,2,3,6,6,3,5,5,6,2,2,2,3,2,2,2,2,2,1,6,1,6,3,6,6,4,4,2,2,6,6,6,POC,keep
R_3siz7uZc5roxtUx,3,3,3,3,3,3,3,5,5,5,5,3,3,1,2,2,2,2,2,2,2,2,2,5,1,5,1,7,6,5,5,5,6,6,6,6,POC,keep
R_1P6l5FkcvnHri0z,2,2,2,1,2,2,2,4,6,2,2,2,2,5,5,6,5,5,5,4,5,5,2,6,2,6,3,6,6,7,7,7,7,7,7,7,POC,keep
R_306tfiBcPvJri6Q,2,2,6,2,2,1,3,5,5,5,4,6,3,3,1,1,1,1,1,1,1,2,7,7,2,1,1,7,6,4,4,7,7,7,7,7,POC,keep
R_1BUVaOMneZEoxTk,3,4,3,2,2,3,3,1,4,4,2,2,3,6,6,6,5,5,6,6,6,5,3,4,5,5,4,1,3,7,7,7,6,6,5,6,POC,keep
R_1LYlc1i0zSfD64p,6,6,5,5,6,3,3,5,5,6,5,5,6,1,1,1,1,1,1,1,1,1,3,6,1,5,3,6,5,6,6,6,6,6,6,6,POC,keep
R_3phkjXTfR02dS84,5,5,5,2,3,1,2,5,5,4,6,5,2,2,3,5,5,1,1,1,1,1,4,5,3,5,2,6,5,3,2,2,6,5,6,6,White,keep
R_2WOViLtkjMFh3U9,5,4,4,3,4,5,6,4,5,5,3,5,3,5,5,5,3,5,3,5,3,3,3,5,3,5,4,5,6,5,5,3,3,5,4,5,POC,keep
R_1FwH2P2GFcrkCJn,2,2,3,4,3,1,2,6,6,5,4,5,5,1,1,1,1,1,1,1,1,1,5,5,5,5,4,4,6,6,2,5,4,6,4,5,POC,keep
R_8e0ZuiAYxok2wmZ,5,2,5,1,2,2,2,5,6,2,5,6,2,1,1,1,1,1,1,1,1,1,5,3,6,5,3,4,5,4,4,1,1,3,6,6,White,keep
R_3efyIXenc52uyge,4,4,3,2,2,2,4,6,6,5,2,6,4,1,1,1,1,1,1,1,1,1,3,6,2,6,2,6,6,4,4,3,4,4,4,4,White,keep
R_1k2jddsBT77lGSC,5,2,3,5,5,1,1,6,6,4,4,4,6,1,1,1,1,1,1,1,1,1,1,7,1,5,1,6,6,7,7,7,7,7,5,7,POC,keep
R_1HcJZA8HSUenRkl,4,4,3,6,6,3,4,6,6,5,5,6,4,3,4,3,3,4,3,3,3,3,4,5,5,5,3,6,6,1,1,4,7,7,7,7,POC,keep
R_3MzD3GgqAnsdNkf,5,4,6,4,6,4,5,6,6,6,5,4,4,5,4,5,4,4,2,4,4,3,4,4,4,4,2,3,5,7,7,7,7,7,7,6,POC,keep
R_22zysiRQnA5BIEN,1,2,1,2,5,1,1,7,2,5,2,3,2,1,1,1,1,1,1,1,1,1,3,7,2,5,4,7,5,7,7,7,7,7,7,7,POC,keep
R_3EE8S8WU2TRRJ3y,5,4,6,2,5,1,1,2,7,6,3,5,2,1,1,1,1,1,1,1,1,1,6,6,1,2,1,7,5,7,5,6,7,7,6,6,POC,keep
R_1CjXHxAzlSSmu37,4,2,2,7,7,4,3,5,3,7,7,6,4,1,1,5,5,1,1,1,1,1,2,3,2,4,2,3,6,7,7,7,7,7,7,7,POC,keep
R_1FmOcazhgUy5ZE7,3,2,6,1,3,1,4,5,5,2,5,3,6,1,1,1,1,1,1,1,1,1,3,7,2,6,1,7,7,2,2,6,4,2,3,2,White,keep
R_O1Y0BOrUP4s4Gkx,4,2,4,3,3,3,5,2,6,5,6,4,4,1,6,7,7,4,1,4,2,5,4,6,6,6,2,3,6,2,3,5,2,2,2,1,White,keep
R_Tqj0CEVgcyyy5aN,5,3,5,3,3,3,3,3,7,3,5,7,5,4,7,7,7,2,5,2,3,2,4,5,4,2,2,6,5,6,6,4,6,7,6,5,White,keep
R_2P0FOzfxmDtlUQF,2,2,1,1,2,1,3,2,2,1,2,1,2,2,1,2,1,5,5,4,5,5,6,1,3,1,5,1,5,7,7,7,6,7,2,2,POC,keep
R_10Jj4esvRE2SI3K,3,2,2,3,3,5,2,6,7,3,6,5,2,4,3,4,4,2,4,2,2,4,4,5,5,5,5,4,5,7,7,7,7,7,7,6,POC,keep
R_07XV7CGYvIBS2n7,1,1,1,1,2,1,1,6,5,2,7,2,2,2,1,5,1,4,1,4,1,3,2,6,2,5,4,3,6,4,4,2,2,2,1,1,White,keep
R_2YKzlp3ZooWHFnB,3,3,2,2,2,2,2,5,6,2,2,3,2,4,5,1,4,4,5,1,2,3,3,3,6,4,6,3,5,6,6,7,6,6,5,4,White,keep
R_2OUu2TkywAqiDXo,2,1,1,2,2,2,1,5,3,2,5,3,1,1,1,1,1,1,1,1,1,1,1,6,1,6,2,7,7,2,2,2,3,2,2,2,White,keep
R_1d1bFQB6FZ3jCYK,3,3,3,3,5,2,2,4,5,5,4,2,3,3,3,4,4,3,3,3,3,3,4,4,2,4,3,6,5,7,7,5,7,7,6,5,POC,keep
R_2Ww2tVqPXwSmlXx,1,1,1,1,2,1,1,3,5,2,4,1,2,1,1,1,1,1,1,1,1,1,2,7,2,6,1,6,7,3,5,7,7,3,6,4,White,keep
R_1rijee9WWDoJzKl,5,5,5,5,5,2,3,5,5,6,6,4,3,2,3,3,2,2,1,2,1,2,4,5,4,4,3,6,5,6,6,4,4,4,3,3,POC,keep
R_3G6UrQ0wB0QfVv7,4,5,3,4,4,3,3,5,4,5,5,3,3,3,4,5,4,4,5,4,4,2,4,6,5,5,3,5,6,4,4,5,3,3,5,4,White,keep
R_2D0TVBDr8fVqvaJ,3,1,2,2,2,2,1,4,6,2,4,3,2,2,1,2,2,2,2,2,2,2,2,5,3,6,3,6,6,3,3,4,6,4,4,2,White,keep
R_2saP1IMPX2OF6ww,1,1,2,1,1,1,1,2,5,5,6,2,1,1,1,1,1,1,1,1,1,1,1,7,1,7,1,7,7,7,7,7,7,7,7,7,POC,keep
R_e4gnheU43JhkMG5,3,2,3,2,2,3,3,3,5,5,5,3,3,3,3,3,5,3,3,3,3,3,3,6,3,7,3,5,6,7,7,5,5,6,4,5,POC,keep
R_21ibvHU8jWawKJX,5,6,7,5,3,3,3,2,3,5,6,5,7,7,7,7,7,6,6,6,7,7,7,4,5,4,4,1,3,5,5,6,5,6,7,5,POC,keep
R_2f9imlFgrHEgixh,2,3,3,3,3,4,6,7,6,6,6,7,6,3,4,2,6,2,3,2,2,2,5,6,5,3,2,2,6,3,3,5,4,3,2,2,White,keep
R_30oRFwbcdttn5Ca,7,6,6,6,6,2,1,5,6,5,7,3,2,2,1,1,2,1,1,1,2,5,3,5,5,5,3,3,6,4,3,2,2,4,4,3,White,keep
R_C8itg4LSsvpGxLX,7,5,7,5,7,5,4,4,1,7,7,5,7,1,1,1,1,1,1,1,1,1,1,7,1,1,1,5,5,7,7,1,5,7,5,7,POC,keep
R_1pEx1bmYAmqxz4G,5,6,5,7,5,5,6,2,7,6,5,6,4,7,6,7,6,2,6,6,7,7,7,5,6,1,6,6,7,7,7,2,6,4,4,6,POC,keep
R_1mPAFlOFP3inAko,6,5,7,5,7,3,5,3,6,7,6,5,5,7,7,6,7,5,7,5,5,7,5,3,4,2,3,4,6,7,6,7,5,6,7,7,POC,keep
R_b8zxMijPjaYoSnn,7,5,5,6,6,6,6,6,7,6,7,7,7,2,3,5,5,4,2,4,2,4,4,5,2,3,3,4,3,7,7,7,7,7,7,7,POC,keep
R_1DVdn2CJmHiSdmE,1,2,2,2,2,2,1,4,6,2,5,4,2,2,1,1,1,1,1,1,1,1,2,6,2,6,2,6,6,2,2,1,2,1,2,2,White,keep
R_1DSGcmkrf4fKa3y,2,2,1,1,1,1,1,6,4,6,6,5,2,1,1,1,1,1,2,1,1,1,3,6,2,5,3,5,6,5,5,4,4,6,3,6,POC,keep
R_1KkAY4J0LbJ39UB,6,3,2,3,3,2,2,3,4,3,6,3,3,2,7,6,7,5,5,5,4,2,2,5,2,6,3,4,6,1,1,7,1,1,1,1,White,keep
R_27TYyjKaubo3t79,2,2,3,1,2,1,2,3,6,5,6,4,5,2,5,5,6,2,2,2,2,2,3,6,2,6,2,7,6,2,2,1,2,3,2,2,White,keep
R_1hXz8UPHsmRAepu,3,3,2,2,3,2,5,6,5,6,6,6,4,6,5,5,6,3,2,3,2,3,4,6,3,5,4,3,6,7,6,7,6,7,5,6,POC,keep
R_1gMzvqCOLA2EcUp,7,2,5,7,6,4,4,7,7,6,6,7,3,3,6,6,2,6,2,2,2,5,7,7,3,5,3,7,7,2,2,6,7,6,6,5,POC,keep
R_3LcFKy84ZHvADTh,6,5,6,5,5,5,3,5,6,7,7,5,6,3,2,3,7,2,2,2,2,5,2,5,3,3,2,3,6,5,5,7,7,7,4,5,POC,keep
R_3gMH1z9BHSLhOyd,6,6,7,7,7,6,6,6,7,6,6,6,7,7,2,2,2,6,2,2,2,6,2,6,6,6,2,7,7,7,7,7,7,7,7,7,White,keep
R_2vk7bHeNMK4lGoF,5,6,5,6,6,3,5,6,6,6,3,6,5,6,5,5,6,5,5,5,5,5,6,6,6,2,2,6,6,7,7,6,7,5,5,6,POC,keep
R_1nNHK899EDHiT9n,2,4,3,3,3,4,4,6,2,4,4,3,6,4,5,5,5,4,4,4,4,5,5,5,4,4,3,4,4,3,3,3,2,4,3,3,POC,keep
R_3DeuIAZU7mX7L9v,5,3,5,5,5,3,5,6,6,6,6,6,2,5,6,6,6,6,2,3,3,4,6,5,4,4,3,6,4,2,2,4,4,6,6,6,White,keep
R_2Xbc0QZ6SsznXPX,7,6,7,7,7,5,5,6,7,6,5,6,5,6,7,6,5,5,7,6,7,6,7,3,6,1,6,5,6,7,7,3,6,2,6,6,POC,keep
R_2PASSjCwPDw2fdy,3,1,2,5,4,6,6,6,6,6,6,5,5,3,3,3,4,1,3,2,1,1,2,6,5,6,4,4,6,6,5,6,7,6,,6,POC,keep
R_2xE4vOzok9MgOT3,2,2,2,1,1,2,1,6,6,5,4,4,1,2,2,5,2,2,4,2,2,2,2,6,5,6,2,4,6,4,4,3,4,4,5,5,White,keep
R_1f8eeLGxZmALVxm,2,2,1,1,2,1,1,3,6,6,1,6,1,2,2,2,2,2,2,2,2,2,5,5,3,4,1,5,6,7,7,7,7,7,7,7,POC,keep
R_3nVGMkTN0ayuI3E,6,5,4,4,5,5,4,5,5,5,5,5,5,3,3,3,3,3,3,3,3,3,5,6,6,6,4,5,5,5,5,6,6,6,5,6,White,keep
R_3JrdWD2gpyiR0MY,5,1,3,1,1,2,2,4,5,5,4,3,3,1,1,4,1,1,1,1,1,1,4,6,3,5,3,2,6,4,4,2,5,5,4,4,White,keep
R_sYznLWZJXJ8NHC9,2,1,1,2,2,1,1,3,5,4,7,1,1,1,1,1,1,1,1,1,1,1,2,6,2,4,3,6,6,5,4,4,4,5,5,4,POC,keep
R_3dFX33pRICHEazn,5,6,4,6,4,5,4,5,5,5,5,4,6,5,5,3,4,6,5,6,5,4,6,6,4,4,5,5,5,5,6,4,6,4,4,5,White,keep
R_3HLFihe9PvutwDY,5,6,6,6,4,5,6,4,5,5,4,5,4,5,6,6,6,5,1,1,1,5,6,6,5,4,2,6,5,5,5,4,4,4,5,5,POC,keep
R_2qsAz3O03QFIKBd,6,4,4,5,6,5,6,5,5,4,5,5,5,5,4,4,6,5,5,4,5,5,5,5,6,6,6,5,5,5,4,5,5,4,5,4,White,keep
R_2D1rQG8ngr7ZyjU,6,6,5,3,5,6,6,5,6,5,7,3,6,6,7,5,7,4,5,5,3,5,6,5,6,5,5,4,5,6,6,5,5,5,5,5,POC,keep
R_1Ns5BeCQd9ccSGH,2,2,2,2,1,7,6,4,4,1,7,4,6,7,7,1,3,5,4,4,4,7,2,5,1,2,1,6,5,1,3,4,6,4,1,5,White,keep
R_Rac745phIQN5QIx,2,2,2,2,2,2,2,7,6,3,5,6,2,2,2,5,2,6,1,1,2,2,5,5,2,3,2,6,6,4,4,4,4,4,5,5,POC,keep
R_31Md1VXIPkwEi6B,5,4,7,4,4,3,3,5,7,5,3,7,4,7,5,2,2,3,4,1,7,4,4,7,4,7,7,1,1,7,5,4,6,1,6,4,White,keep
R_UN2w1elBtIcHse5,3,3,2,2,3,2,3,6,6,5,7,2,5,5,5,5,5,5,4,5,5,4,4,5,5,5,4,5,5,5,4,5,5,6,5,5,POC,keep
R_W6j1fJ9jcRr2U8N,7,6,1,4,1,6,2,7,7,4,7,7,1,4,3,5,2,5,3,3,5,3,7,7,5,3,6,6,5,4,5,5,2,3,2,5,White,keep
R_1IAvQfbo2mgZkbv,2,2,1,2,2,4,1,4,7,5,4,4,1,1,1,1,1,1,1,1,1,1,1,7,4,7,1,6,7,7,7,7,6,7,6,7,White,keep
R_3iJtdmDzXiClI5W,5,5,2,5,5,3,6,6,5,5,6,6,5,5,5,5,5,5,2,5,5,5,5,2,6,3,6,2,5,5,5,5,5,5,4,4,POC,keep
R_1Dv6zriQqvEaZt6,3,1,3,3,5,2,3,6,4,5,5,5,2,2,2,3,3,2,2,2,2,2,2,5,2,6,2,6,6,3,2,3,5,5,5,4,White,keep
R_yU34zTdx3KYT3c5,1,4,1,3,2,1,1,5,5,5,7,5,5,2,1,1,1,1,1,1,1,1,5,7,2,7,3,6,6,1,1,2,2,3,1,1,White,keep
R_3MyRDS1wKTLRCSa,5,5,2,3,3,6,5,3,3,5,5,3,3,6,6,6,6,5,5,6,6,6,7,3,5,2,5,1,1,7,7,6,7,7,6,6,POC,keep
R_12nCRQlTsdoNu98,1,1,1,1,1,1,1,5,6,5,4,3,5,1,3,1,1,2,3,3,1,1,2,7,1,6,1,7,7,3,2,4,4,5,3,3,White,keep
R_UtKD855WvOoDrGx,6,7,5,5,5,7,2,1,6,1,6,2,2,1,6,6,3,4,6,7,1,5,1,7,3,2,7,1,5,7,5,5,5,1,7,4,White,keep
R_0MtxkTKahnxmo1z,5,1,3,1,1,6,3,4,2,3,7,1,5,1,4,7,6,3,1,2,6,6,6,1,1,1,4,5,3,1,2,3,5,6,2,7,White,keep
R_OdSiy8Iu6fkjqfL,6,7,2,4,1,7,1,7,1,5,3,7,2,2,7,4,3,2,6,1,4,3,5,7,4,7,4,6,1,1,5,3,6,7,6,6,White,keep
R_2q2zeO31z9plfPO,1,7,5,1,5,4,5,5,3,3,4,5,4,6,3,2,3,4,3,6,7,2,5,7,4,6,7,7,3,4,7,3,6,5,4,2,White,keep
R_5oiW62azivqHWdb,4,6,6,6,1,2,5,2,7,6,1,2,3,7,7,6,3,2,1,2,7,6,4,4,5,4,5,3,6,5,4,1,7,6,1,2,White,keep
R_3QEhgUfrZhUFXj7,7,6,5,7,5,6,7,7,7,7,5,7,4,2,2,2,2,2,2,2,3,3,2,3,2,2,1,3,3,7,5,6,5,6,5,7,White,keep
R_1IMfDqDlmUW32tx,2,2,2,2,2,2,2,6,2,7,6,3,2,1,1,1,2,1,1,1,1,1,4,5,2,6,2,5,5,6,6,6,7,7,7,6,POC,keep
R_yxX8AzNaKx2KexX,3,5,6,4,6,2,4,5,1,4,7,1,2,1,2,7,2,4,3,1,3,2,5,2,2,6,1,1,2,6,4,4,6,6,3,3,White,keep
R_2wFhVIeLA7SQgr1,7,5,7,7,7,6,7,6,6,6,6,7,3,5,1,3,2,3,2,3,3,5,5,5,5,3,3,4,4,6,5,5,7,7,5,6,White,keep
R_SHU6IDxUKw4jSal,2,2,2,2,2,2,2,4,2,2,5,2,2,1,1,1,1,1,1,1,1,1,2,5,3,4,3,6,7,2,1,3,2,1,2,1,POC,keep
R_3PbnGR6sjU6dFDz,3,2,1,1,5,1,1,6,6,5,7,6,6,5,5,5,5,5,5,5,5,5,5,5,2,5,3,3,5,7,6,6,4,5,3,2,POC,keep
R_1M6uyujq9X1KCb6,7,6,6,5,6,5,6,7,7,5,6,6,6,6,6,5,5,7,7,6,6,6,7,6,6,5,6,7,7,6,6,7,7,5,5,6,POC,keep
R_2rZ2LfI98WXfpCa,2,2,2,3,6,6,6,6,6,6,6,6,3,2,2,2,2,6,2,2,2,2,6,6,5,2,2,6,6,4,3,3,3,4,3,3,POC,keep
R_cYZnzOj2HXRoHIZ,7,7,1,2,4,6,4,4,6,3,5,3,2,6,2,5,7,5,5,2,1,5,4,5,2,7,6,1,7,3,2,4,4,6,2,5,White,keep
R_1K3zg7nbtSm5yxH,5,3,2,2,2,5,7,6,2,5,7,5,2,1,1,1,1,1,2,1,1,1,2,5,4,6,3,2,4,5,4,6,6,7,6,6,POC,keep
R_2VHKGCC9WVmajh2,4,5,4,3,6,5,2,2,1,6,1,4,1,5,2,3,4,1,2,6,3,1,5,3,4,3,3,6,3,1,4,2,4,5,6,6,White,keep
R_2ayl6Jj6QN4iWqJ,7,6,2,6,4,7,5,4,5,1,6,6,2,2,5,6,2,1,1,3,2,1,1,6,1,3,5,1,7,1,7,2,2,3,6,7,White,keep
R_1C8fl0Eiz24h6Sp,2,2,2,2,5,2,2,6,6,2,6,6,2,2,2,6,2,6,2,2,2,2,6,6,2,6,2,6,6,6,6,7,7,7,7,7,White,keep
R_1dGlACZlZkYYUhC,3,2,2,3,2,6,6,6,5,6,6,7,3,3,6,6,3,2,2,2,4,2,4,5,5,5,2,4,5,4,4,2,4,4,5,5,White,keep
R_23WcgqOlAgWAYpR,6,3,3,5,3,3,4,5,6,6,6,6,3,2,2,2,2,2,2,2,2,2,3,5,3,2,2,6,5,7,7,7,7,7,7,7,White,keep
R_9pBtAvf5IfBGlr3,5,6,3,3,3,6,5,6,6,5,3,5,6,6,5,6,5,5,5,5,5,5,5,6,5,3,5,3,3,2,3,2,2,2,2,2,POC,keep
R_1f9Ib4UFAPrYqeR,1,6,2,5,5,2,1,5,2,2,7,1,2,1,1,1,1,1,1,1,1,1,4,1,4,1,7,1,1,2,5,1,1,2,1,1,White,keep
R_1Nal2bV9imojEnY,2,2,2,2,6,6,6,6,6,6,6,6,2,2,2,2,2,2,2,2,2,2,6,6,5,2,2,6,6,5,4,3,4,3,5,3,POC,keep
R_3meLPRTzisoTEb4,3,2,6,1,2,3,4,4,6,3,2,2,2,1,1,1,1,1,1,1,1,1,5,5,2,3,4,4,5,7,6,5,6,6,7,6,POC,keep
R_AB5aKGyMoaODYVr,1,3,1,1,1,2,3,5,6,2,1,2,2,1,1,1,1,1,1,1,1,1,6,3,2,5,3,6,5,1,1,2,2,1,1,1,White,keep
R_3kyRx5GWPWmESSH,6,5,5,5,5,5,6,6,5,6,7,6,5,5,5,5,5,5,4,5,5,4,5,3,5,3,5,3,3,4,2,3,3,5,5,5,POC,keep
R_3PaAhAsZSRxT2Md,2,5,2,3,3,1,1,5,6,6,1,1,1,2,3,5,5,3,5,4,3,2,4,1,6,5,5,1,6,7,7,7,7,7,7,7,POC,keep
R_1lhPHRL1YqoAcMC,1,2,2,1,1,1,1,5,6,2,6,5,3,1,1,1,1,1,1,1,1,1,3,6,5,6,2,6,6,1,1,2,2,5,4,4,White,keep
R_2YAn2JDu8RUzPFk,5,4,3,6,5,3,4,3,6,7,5,5,3,2,7,7,7,2,2,1,1,2,5,4,5,4,4,3,5,5,5,4,4,4,4,4,POC,keep
R_2AZ0kUvVo7vufKH,2,2,2,2,2,3,2,3,6,4,6,2,2,1,1,1,1,1,2,1,1,1,2,6,4,6,4,5,5,3,3,3,3,3,3,3,White,keep
R_1qX6yL2mXuS1WBL,7,3,6,4,5,6,3,5,5,7,6,5,6,5,3,1,7,1,1,3,1,6,3,1,5,3,7,5,1,3,3,7,6,5,7,6,White,keep
R_2ToeSDRrOPcWIGy,2,2,1,2,2,3,2,3,4,4,4,2,2,2,1,1,2,2,2,2,1,1,2,5,6,6,2,6,6,6,6,5,6,6,7,6,POC,keep
R_3PNZtOdBC6SqtcV,1,1,2,1,1,1,2,6,6,4,1,1,1,1,1,1,1,1,1,1,1,1,1,7,1,5,1,7,7,7,7,7,6,7,6,6,POC,keep
R_2xPmIVR2PNBcyGF,3,2,2,3,2,2,3,5,4,5,5,3,3,2,2,2,2,6,2,2,2,2,1,6,2,6,2,6,6,5,5,6,7,7,6,6,POC,keep
R_pFCBgzIcJzYL757,1,1,1,1,1,1,1,6,6,6,6,6,1,1,1,1,1,1,1,1,1,1,1,6,1,6,1,6,6,4,4,4,5,6,7,6,POC,keep
R_2SerjUP0kaRHHqN,7,7,7,7,7,6,7,7,7,6,7,6,6,1,5,5,1,1,1,1,1,1,6,3,6,1,3,4,3,2,2,2,2,2,2,3,White,keep
R_3JIxcdDCUr9pmIK,6,4,6,4,5,4,4,6,6,6,4,6,6,2,2,2,2,2,2,2,2,2,2,6,4,5,2,6,6,4,4,4,4,3,4,3,POC,keep
R_3hEj2zgcPm582TQ,4,3,4,3,4,2,2,5,6,5,6,5,3,4,4,1,1,1,4,1,1,4,3,6,4,5,1,6,6,3,3,2,2,2,3,2,POC,keep
R_3CIULqk8X6TmZmH,3,3,3,3,3,2,2,6,6,3,3,3,3,2,2,2,2,2,2,2,2,2,3,6,2,6,2,6,4,7,7,7,7,7,7,7,POC,keep
R_CmmF5Hj2GgRp6i5,5,3,3,3,4,3,4,3,5,4,4,4,3,5,5,5,5,4,4,4,4,4,4,5,3,4,2,4,4,5,5,5,5,5,4,4,POC,keep
R_1E1oHEJsbBw9xi8,3,3,5,3,5,3,2,5,7,7,7,5,5,6,6,6,6,5,6,6,3,5,2,2,3,6,3,5,5,7,7,7,7,7,7,7,POC,keep
R_5sVlXa1l0rnkzct,1,1,1,1,1,1,1,1,6,1,5,5,2,5,5,5,5,5,5,5,5,5,1,1,1,6,1,6,1,3,3,5,3,4,4,4,POC,keep
R_3mjKRGHXSEFS020,5,1,5,1,2,1,1,2,6,2,1,1,4,1,1,1,1,1,1,1,1,1,2,6,1,5,3,7,5,5,4,5,6,6,5,5,POC,keep
R_3kMNKqyDZHVLw8X,5,2,5,5,5,4,2,5,5,5,6,5,4,1,1,1,1,1,1,1,1,1,2,6,2,6,2,6,6,4,4,5,4,2,4,3,White,keep
R_1OprzPePrJGTPQC,5,3,3,6,5,2,2,6,6,2,6,3,5,2,4,3,4,1,1,1,1,1,3,5,1,4,1,6,6,6,5,4,6,7,6,7,POC,keep
R_2Qu3POPOhdtGDwq,3,2,3,5,7,3,3,6,7,7,5,4,5,3,6,3,5,3,1,2,1,4,5,6,5,5,3,6,6,6,5,7,6,6,6,7,POC,keep
R_2SB4UKsOOnKOvXX,2,4,1,1,1,1,1,5,4,2,5,2,2,2,5,5,5,1,1,1,1,4,2,6,3,6,1,6,7,3,3,3,4,2,2,2,POC,keep
R_215vs6JiOJE3L4u,6,4,5,6,6,4,6,5,5,6,6,5,2,5,5,5,3,4,2,2,2,5,5,6,2,5,3,5,3,4,3,3,2,2,3,4,POC,keep
R_1E0zUgw8lnlOWh5,2,3,5,3,3,2,1,4,5,1,4,3,1,3,3,3,5,3,3,3,3,2,5,6,3,6,2,6,7,7,7,7,7,7,7,7,POC,keep
R_XRMt8W4mem7pHqx,2,2,2,2,2,2,2,6,6,6,6,2,2,5,5,5,5,2,2,2,2,2,3,5,2,5,3,2,6,6,6,7,7,7,5,6,POC,keep
R_6Y9SwclA1SwsgaR,5,3,5,5,5,1,1,5,6,5,5,6,5,1,2,2,1,1,1,1,1,2,1,6,2,6,2,7,5,6,5,6,6,4,6,6,POC,keep
R_1QMehJV84oJ2VG0,5,4,5,6,6,7,4,7,6,6,7,5,5,3,3,6,5,1,1,1,4,1,5,5,3,4,5,5,5,6,5,6,6,6,6,5,POC,keep
R_2rGjED7Q9ZNC9gP,3,3,3,3,2,3,3,5,6,3,6,6,4,1,1,1,1,1,1,1,1,1,4,5,3,5,3,4,5,2,1,1,3,4,2,2,White,keep
R_27l2BK4IrM1qWN2,5,2,5,1,1,3,5,7,7,7,1,5,5,1,1,1,1,1,1,1,1,1,3,5,1,2,3,6,6,2,2,4,4,7,5,3,White,keep
R_1jOlKxHsKcoFNvg,3,3,4,2,4,3,4,4,6,3,6,2,3,1,1,1,1,1,1,1,1,1,4,4,3,5,4,5,4,4,4,4,4,5,4,4,POC,keep
R_RLeE5KMpgA7POIV,2,4,2,3,2,2,6,3,4,1,2,3,2,1,1,1,1,1,1,1,1,1,2,6,5,2,2,4,5,7,6,7,6,6,6,4,POC,keep
R_3DjBTFsEWLfN8Q0,4,4,3,3,3,5,4,5,6,6,5,6,3,3,3,3,2,4,3,3,2,3,5,5,3,3,3,5,5,5,5,6,6,6,5,5,POC,keep
R_2pSmR7DdPZqQg9S,5,6,7,3,7,5,7,5,7,7,2,5,5,3,5,5,7,5,4,3,3,3,5,5,7,4,5,3,6,1,1,1,6,4,5,5,White,keep
R_1f6OQyFa0xSvlnC,3,3,5,2,5,3,4,4,5,3,4,4,4,1,1,1,1,1,1,1,1,1,4,3,4,3,5,5,5,2,2,1,2,2,4,2,White,keep
R_25Fq3ingD02IZb5,5,3,5,5,5,3,5,3,4,4,3,5,4,3,3,3,3,3,3,3,3,3,5,3,5,3,6,3,4,3,4,3,3,3,3,4,White,keep
R_2eQdKNLFw7Apk4t,1,1,1,1,1,1,2,6,6,6,6,2,6,1,1,1,1,1,1,1,1,1,5,7,1,6,1,7,7,7,7,5,7,7,5,6,White,keep
R_3fuYoIr51E63DF4,6,4,7,7,6,7,6,7,7,7,7,7,7,1,1,1,1,1,1,1,1,1,3,4,4,3,2,2,6,7,7,7,7,7,7,7,POC,keep
R_2y3lWckSrccbNRP,1,2,3,1,3,2,2,6,7,5,5,4,1,5,5,5,4,2,3,3,2,4,1,6,2,6,1,6,6,6,7,5,7,7,6,6,POC,keep
R_33dQYekm2jlbAs5,4,3,3,2,4,4,3,6,5,3,6,5,3,1,1,1,1,1,1,1,1,1,4,5,4,3,3,4,5,1,1,1,1,1,1,2,White,keep
R_R9ypqsnOOsRsLm1,3,1,3,2,2,2,2,6,6,6,6,6,2,2,2,2,1,1,2,2,2,1,2,6,3,6,2,2,6,5,5,4,5,6,5,6,POC,keep
R_5t37oPI7AIcCd7b,5,3,2,2,3,2,2,6,6,6,4,6,3,1,1,1,1,1,1,1,1,1,2,6,2,3,2,6,6,1,1,1,4,4,4,1,White,keep
R_2wbF3llAJAXrzda,5,5,5,5,5,5,5,5,5,6,2,5,5,6,6,6,6,5,6,3,5,6,5,3,5,2,5,3,3,6,6,5,5,5,4,5,POC,keep
R_qWMrlF2iqnpV6kF,2,1,2,3,2,2,2,2,3,2,2,3,2,1,1,1,1,1,1,1,1,1,2,2,2,4,2,2,2,4,4,4,4,5,5,5,White,keep
R_3MG6Y6SSePzvTen,5,6,4,6,3,7,5,3,7,7,6,7,5,5,5,4,4,5,6,5,7,6,4,3,5,5,5,6,4,6,6,7,6,6,7,6,POC,keep
R_ZJ2sXA28dP83ILD,2,2,2,4,2,2,3,4,7,6,6,5,4,3,2,2,2,4,2,2,2,3,4,6,2,6,2,5,6,2,2,1,4,3,3,3,White,keep
R_Ah5tVZFWS44qdAB,6,5,6,3,4,4,3,3,5,3,6,5,5,5,3,4,4,4,4,4,4,3,5,5,5,4,6,5,4,3,4,4,5,4,4,4,White,keep
R_1Eh5SsnMPmAGWzY,3,4,2,2,2,2,2,5,7,3,4,3,5,1,1,1,1,1,1,1,1,1,4,5,2,4,2,7,6,3,3,3,3,3,3,3,White,keep
R_1rNf7t8QyitWFVL,1,1,1,1,1,1,1,3,4,1,5,1,1,1,1,1,1,1,1,1,1,1,4,6,2,5,2,5,6,7,7,7,7,7,7,7,White,keep
R_W38uuRnCjv8M0rn,6,3,3,1,1,1,1,2,1,1,1,1,1,1,1,1,1,1,1,1,1,1,6,3,1,1,2,5,1,5,2,3,,4,1,1,POC,keep
R_1rIhEwpYwThGwW9,6,5,4,5,5,3,3,4,3,3,4,5,4,2,1,2,1,1,1,2,1,1,7,2,6,3,5,4,3,4,4,5,4,4,3,3,White,keep
R_2s4MkCbUoWJbplL,5,5,5,5,5,1,2,7,6,6,6,6,6,1,5,2,1,1,1,1,2,1,2,6,2,6,2,6,6,1,1,2,4,1,1,1,White,keep
R_3GpiKYwE0ZBbmu5,2,1,2,2,3,1,3,6,6,1,4,5,7,1,2,1,1,1,1,1,1,2,3,3,2,5,2,6,5,4,4,4,4,3,4,3,White,keep
R_1d45iYvzEVrB1no,6,5,5,5,6,4,3,6,6,5,7,6,5,1,1,1,1,1,1,1,1,1,1,6,1,5,1,7,6,6,5,5,5,5,5,5,POC,keep
R_2PuOJifwgEML5ar,3,2,1,6,3,2,1,5,7,6,6,2,1,1,1,1,1,1,1,1,1,1,2,6,2,6,2,6,6,1,1,1,1,1,1,1,White,keep
R_2WuQUUiR239F77y,3,2,3,3,3,2,2,6,3,5,5,4,3,1,1,1,1,1,1,1,1,1,3,5,4,5,3,4,6,1,2,1,2,2,2,2,White,keep
R_OpPScbNBEQhlN5v,5,3,3,3,3,5,4,5,6,6,5,5,3,2,2,2,2,2,2,2,2,2,2,6,4,6,2,4,6,1,1,1,1,1,1,1,White,keep
R_2ANMWEK6nurLUu9,3,4,3,5,3,5,3,6,5,6,6,5,3,5,6,6,5,2,3,2,3,2,3,6,3,6,2,5,6,5,5,6,6,6,5,5,POC,keep
R_26hkICmgK78PcJO,2,2,3,2,2,2,2,3,4,3,2,3,2,2,2,2,2,2,2,2,2,2,2,4,2,4,3,5,4,5,5,5,5,4,5,5,POC,keep
R_3qWGcZH5e1zI1Yo,5,3,4,5,5,5,4,4,6,5,3,4,3,6,5,5,5,6,6,5,5,4,5,5,4,2,5,3,4,7,6,7,6,6,7,6,POC,keep
R_3Likdmsbun8eEnI,1,1,1,1,1,1,1,4,6,5,5,1,1,1,1,1,1,1,1,1,1,1,4,6,1,6,2,4,6,4,4,5,5,4,6,6,White,keep
R_PSf17HgaZJoq10J,6,6,5,6,6,5,4,5,6,6,4,6,6,6,6,6,7,4,4,4,4,4,7,2,6,1,6,1,2,4,3,2,3,4,4,4,White,keep
R_31FA5b0srB3lwpT,3,3,3,3,3,3,3,5,3,4,3,3,5,5,6,6,4,3,4,3,4,5,3,4,3,5,3,5,4,6,5,6,5,5,4,4,POC,keep
R_ulaDx3hwhfkFMe5,2,5,2,2,2,2,2,5,5,2,6,2,2,5,5,6,5,5,5,5,5,5,3,6,5,5,2,2,5,6,6,5,6,7,6,6,POC,keep
R_20Vf2rlVEJQl6au,6,5,5,3,3,6,7,6,2,6,7,7,6,1,1,1,1,1,1,1,1,1,2,4,3,4,2,6,4,2,2,3,6,4,2,2,White,keep
R_3oZ9xiPE6MakYZL,6,5,3,4,4,5,5,3,3,3,3,3,5,1,1,1,1,1,1,1,1,1,4,3,3,4,4,4,2,4,5,6,5,7,6,5,White,keep
R_0cEAj2B3ChGyRGh,4,6,3,3,3,5,5,3,5,6,5,6,3,7,7,7,7,7,7,7,7,7,7,1,6,1,7,1,1,4,4,2,3,2,2,2,POC,keep
R_2q2XXBNT1X9frcl,5,3,6,3,6,3,3,7,6,2,6,6,6,2,2,2,2,2,2,1,1,2,2,6,2,6,2,7,6,6,6,4,7,7,7,7,POC,keep
R_1hY9EZEKyBS80Zi,4,1,2,2,4,3,2,6,3,4,5,5,2,1,1,1,1,1,1,1,1,1,3,4,2,6,2,6,6,1,1,1,1,1,1,1,White,keep
R_A03RXYcXEYpBaF3,3,2,5,2,2,2,2,5,6,6,2,5,3,1,1,1,1,1,1,1,1,1,5,6,3,5,3,5,6,2,2,3,2,2,2,2,White,keep
R_W8zs1BERz1lAGmR,2,2,2,2,2,2,3,3,6,6,6,5,3,1,1,1,1,1,1,1,1,1,5,5,2,2,2,6,5,1,1,1,1,1,1,1,White,keep
R_1GN4In1YmIu4msh,3,3,1,2,2,1,1,2,2,5,6,4,1,5,6,6,6,4,6,5,4,5,3,2,5,3,6,2,4,5,5,6,5,7,4,4,White,keep
R_2cnZjb7zESwAnAc,3,3,3,3,3,3,3,7,6,5,6,3,5,6,6,6,5,5,5,3,5,4,6,5,5,4,3,2,5,5,5,7,7,5,5,6,POC,keep
R_3dThT3G5Ji7c30Q,5,1,5,1,1,4,7,7,7,4,7,7,3,1,1,2,1,1,1,1,1,1,3,7,1,3,1,7,7,7,7,7,7,7,7,7,POC,keep
R_2fqGFEf8EQuYrUy,5,2,5,3,4,3,2,4,5,3,6,5,3,2,3,2,3,2,2,2,3,2,5,5,5,4,5,6,5,5,4,3,5,5,5,4,POC,keep
R_3qHVRLuBt40vTce,3,3,3,3,3,5,5,5,7,5,7,7,5,1,1,1,5,1,1,1,1,1,7,3,5,2,6,2,3,5,4,5,5,5,3,3,POC,keep
R_334r1S7Sng9KvZW,5,4,5,5,5,5,5,5,5,5,5,5,5,5,4,4,4,4,4,4,4,3,5,4,4,3,3,4,5,3,3,2,3,6,3,5,POC,keep
R_00pu8TaR5GHMr1D,3,2,1,2,3,1,5,1,7,1,1,4,7,1,1,1,1,1,1,1,1,1,2,5,5,3,1,7,6,3,2,1,4,3,3,2,White,keep
R_115atUWBry9OMLG,3,2,2,2,3,2,2,7,5,5,6,5,2,1,1,1,1,1,1,1,1,1,2,7,1,6,1,7,7,1,1,1,7,4,4,4,White,keep
R_rckRjuvHKQKKltT,5,1,2,1,1,1,1,2,6,1,6,2,1,1,1,1,1,1,1,1,1,1,2,6,1,6,2,6,6,6,5,6,6,6,6,6,POC,keep
R_3NU2KpcxkQ3s5F2,2,3,3,3,2,2,2,5,6,6,6,6,3,1,2,2,2,2,2,2,2,2,3,5,6,5,3,6,3,2,2,4,3,4,3,4,White,keep
R_1pRUNRom3VbD97R,2,3,2,2,2,3,6,2,2,5,6,5,2,1,1,1,1,1,1,1,1,1,2,6,2,3,5,6,5,1,1,1,1,1,1,1,White,keep
R_w5eatvAAyVktSkp,5,2,3,3,2,4,3,5,5,4,3,3,3,1,1,1,1,1,1,1,1,1,2,6,4,3,3,6,6,2,2,2,4,1,1,1,White,keep
R_3kHvkPKif4c2MS4,4,5,3,5,3,5,5,5,7,2,5,6,5,1,1,1,1,1,1,1,1,1,2,4,2,2,2,4,4,6,5,6,6,7,7,6,POC,keep
R_1FK5tnyQpv43B4f,2,4,4,2,2,2,2,6,4,6,2,7,2,2,2,6,5,2,2,2,2,4,1,7,2,7,1,7,7,7,6,7,7,7,7,7,POC,keep
R_3J7MbPIQPVHzWVI,2,2,1,2,2,2,1,4,2,6,6,2,2,1,1,1,1,1,1,1,1,1,2,6,2,4,2,4,6,1,1,1,1,1,1,1,White,keep
R_1gwQDY2T25Y2BqP,5,2,5,3,5,5,5,6,7,6,7,6,3,2,2,5,2,2,2,2,2,3,3,6,2,6,2,5,6,5,5,3,3,4,4,5,POC,keep
R_3h0hVzom7mSDbwM,5,5,5,3,4,3,3,5,6,5,5,6,3,5,2,3,2,5,3,3,5,2,3,3,5,2,6,1,4,7,7,6,7,7,7,5,POC,keep
R_72QZdKN3EFHricp,5,5,5,5,5,3,5,5,5,5,3,5,2,1,1,1,1,1,1,1,1,1,2,6,2,5,2,6,6,2,2,2,2,2,2,2,White,keep
R_dg56StUf2nRt1Nn,4,2,3,3,3,3,3,4,6,4,6,5,4,2,2,2,2,2,2,2,2,2,3,5,3,5,3,3,5,3,4,3,4,4,2,4,POC,keep
R_2ea2fPxhALafD8O,4,4,3,3,3,5,5,6,5,5,6,5,3,5,5,5,5,1,1,1,1,1,5,5,2,3,2,6,5,4,4,5,5,5,5,5,POC,keep
R_31FTbVpZL0PRGfp,4,3,3,2,5,5,5,3,3,6,5,5,5,1,1,1,1,1,1,1,1,1,6,1,1,5,5,1,3,1,1,1,1,1,1,1,POC,keep
R_s7iWJVcbCzdoPRL,6,5,2,5,6,7,6,6,6,6,6,7,4,4,5,7,5,4,4,5,4,4,2,6,3,5,4,4,4,4,5,5,5,6,5,5,POC,keep
R_3iWi2AEpxUMLfFk,3,4,3,3,5,3,3,5,3,5,4,6,5,2,1,2,2,2,2,2,2,2,4,4,4,3,5,6,4,1,1,1,1,4,4,1,POC,keep
R_1mLczymk1aPs1uU,6,4,7,5,6,3,3,7,7,3,7,3,2,5,5,5,1,5,1,2,1,1,5,5,1,4,2,2,6,7,7,7,7,7,7,7,POC,keep
R_33263ajGQhMmX9i,3,3,3,3,3,3,3,6,4,4,5,5,3,4,5,5,5,4,2,4,4,5,4,4,6,4,5,2,5,5,5,5,4,4,2,4,POC,keep
R_3kc6Ga66y7yBAKp,1,1,1,1,1,1,1,5,5,6,5,4,1,4,4,1,4,1,4,1,1,4,1,6,2,6,1,6,6,4,4,7,7,4,4,4,White,keep
R_2V3IxBcVQvV1oGs,5,3,5,5,5,2,3,5,5,5,7,5,3,1,1,1,1,1,1,1,1,1,2,5,3,4,3,6,4,2,2,2,2,1,4,2,White,keep
R_12aJLx1dcNRQYAw,4,4,4,4,4,4,4,6,6,4,5,5,4,2,3,3,3,2,2,2,2,2,4,5,4,4,4,4,5,5,5,6,6,7,5,5,POC,keep
R_3kq3UgqL4wOzY2u,6,2,3,2,5,3,3,5,6,3,4,2,2,1,1,2,1,2,2,1,1,1,3,5,2,5,2,6,5,6,5,6,6,7,5,6,POC,keep
R_2EioNrFVsBD9IxP,5,5,2,3,3,2,4,5,6,5,6,3,2,5,5,5,5,5,2,2,2,5,6,6,5,4,3,3,5,5,5,6,5,4,3,5,POC,keep
R_2tn6Xr46o2Av9Vo,3,3,3,2,2,2,2,6,5,6,5,5,3,1,1,1,1,1,1,1,1,1,1,5,2,5,2,3,5,4,4,2,4,4,3,3,White,keep
R_2ZBsj58jmWzJBdX,7,4,7,5,4,3,1,1,4,7,3,3,3,1,1,1,1,1,1,1,1,1,4,5,1,5,1,4,4,4,4,5,5,4,4,4,White,keep
R_9FvR6mJ2YAuJaP7,2,2,2,2,1,1,1,6,5,5,5,6,6,4,2,3,3,2,2,1,2,2,2,6,4,5,1,6,5,2,1,3,2,4,2,3,POC,keep
R_vZw4yXmyA9NovV7,6,4,6,5,5,2,5,2,5,2,3,2,6,1,1,1,1,1,1,1,1,1,6,2,5,2,3,4,3,2,2,5,4,1,2,2,White,keep
R_31ZBg5JkRU3tQTC,1,1,1,1,1,1,1,1,6,1,6,5,1,1,1,1,1,1,1,1,1,1,1,7,1,5,1,6,7,1,1,1,7,5,5,5,White,keep
R_29uiGrdwBbrcrvt,2,2,2,2,2,6,7,7,7,3,4,7,3,1,2,2,1,1,1,1,1,1,5,7,1,3,2,6,7,5,5,5,7,7,5,5,POC,keep
R_1IGIDaLjJKKnMGD,3,2,2,6,4,5,6,6,6,7,7,7,2,1,1,1,1,1,1,1,1,1,6,3,4,5,2,1,6,2,2,1,4,4,4,4,White,keep
R_3qszYVIXXzPdKct,5,6,5,5,5,5,5,6,6,5,6,6,5,1,1,1,1,1,1,1,1,1,6,2,4,2,6,2,2,4,4,4,4,4,4,4,White,keep
R_ZymjaPiFj8QVMNH,4,2,3,1,1,4,4,4,4,3,5,4,4,1,1,1,1,1,1,1,1,1,3,5,2,4,1,6,4,1,1,2,2,1,1,1,White,keep
R_24BbQAHPxZqp4qJ,5,3,5,2,3,2,2,2,7,5,1,2,6,1,1,1,1,1,1,1,1,1,6,4,6,4,2,3,3,1,1,1,1,1,1,1,White,keep
R_248A9aAaRBQCvB1,3,1,3,2,4,2,2,5,3,5,5,3,6,3,4,3,3,3,3,3,3,3,3,6,3,6,1,5,5,3,4,4,5,6,4,5,POC,keep
R_t0duadRAjuOafyV,3,4,1,2,2,3,2,1,4,3,2,2,2,2,2,3,2,2,2,2,2,2,4,5,4,3,5,4,5,2,2,4,4,4,2,2,White,keep
R_1i8rcS1Qj3ayRyX,4,4,2,2,3,4,6,6,2,2,3,4,2,5,6,6,6,4,5,5,4,4,6,6,7,4,2,2,7,7,7,7,7,7,7,7,POC,keep
R_a314RETCAHHt409,6,6,6,6,6,6,6,6,6,6,6,6,6,7,7,7,7,7,7,7,7,7,4,6,5,3,5,3,3,6,6,6,6,5,6,6,POC,keep
R_1ov6cUG8pwVEHs6,2,2,5,2,2,2,3,4,4,4,7,5,6,6,5,5,5,4,1,1,4,2,3,5,5,5,3,3,6,2,2,4,3,2,2,2,White,keep
R_2y1toeZygqMbRpY,2,4,2,3,3,1,2,3,5,4,5,1,4,1,1,5,1,1,1,1,1,1,4,3,5,4,4,5,4,4,3,4,4,2,4,3,White,keep
R_1hFIZQtvD58ZNfO,1,2,1,1,3,1,1,5,5,1,6,2,4,1,5,4,1,3,1,1,1,1,2,6,3,4,2,7,6,4,4,5,5,2,2,2,White,keep
R_2AQH1rt2Xk57aBN,5,3,6,5,7,3,3,7,6,6,6,5,3,2,3,3,2,2,2,2,2,2,2,6,2,5,2,3,5,5,2,2,4,3,2,3,POC,keep
R_1ONd4PBVHSgZMSX,5,3,3,5,4,6,4,6,6,7,7,6,3,1,1,1,1,1,1,1,1,1,4,6,3,2,2,4,5,4,4,4,4,4,4,4,White,keep
R_1etPyK2Uu9AH87W,3,5,5,5,5,4,4,7,6,6,5,6,4,1,1,2,1,1,1,1,1,1,5,5,5,1,4,1,3,6,6,5,5,7,4,7,POC,keep
R_1jKfPZEJTCC34VX,2,2,6,2,2,6,6,7,5,5,6,6,5,5,6,6,6,3,4,5,5,2,7,5,6,1,5,1,1,1,1,2,4,2,4,2,White,keep
R_xgVK4ZLXzhGyZsl,6,5,6,6,5,5,5,5,6,6,5,5,6,2,3,4,1,1,4,1,3,4,2,5,2,2,5,6,6,1,1,1,1,1,1,1,White,keep
R_1Fn8f38vfsJsAxu,5,5,3,3,5,6,5,6,7,6,5,6,5,1,1,1,1,1,1,1,1,1,6,4,5,3,5,4,4,3,3,3,4,3,3,3,White,keep
R_cGZKXKiMZjS5z7H,2,3,1,2,2,4,3,5,7,4,6,6,5,1,1,1,1,1,1,1,2,1,6,2,2,2,2,3,6,1,1,2,3,4,3,4,White,keep
R_6sVCqGmuD0HfCVz,2,1,1,1,2,1,1,5,6,5,5,3,1,6,7,6,6,3,4,5,5,6,1,7,1,6,1,7,6,7,7,6,7,7,7,6,POC,keep
R_2v2FzPp0kaLYSh2,7,2,1,1,3,3,2,6,7,7,7,5,3,5,5,5,5,1,1,1,1,1,5,7,1,5,1,7,7,5,5,4,3,4,2,2,POC,keep
R_3fIz2bbc6jib9ce,5,6,5,5,4,5,5,6,6,6,7,5,6,1,2,2,2,1,1,1,1,1,4,4,4,4,3,5,5,5,4,3,5,4,4,4,White,keep
R_2WZQK4DgoRYdCi3,3,4,1,1,2,5,5,6,7,4,6,3,4,1,1,1,1,1,1,1,1,1,5,5,4,4,1,3,3,5,4,7,5,7,6,6,POC,keep
R_2CCxTTLzF8rhJ4I,6,4,7,6,7,5,7,7,7,5,6,7,6,5,6,7,4,5,7,6,6,5,7,3,5,1,3,2,3,6,7,7,6,7,7,7,POC,keep
R_Q04hVft9X3Z8rHX,3,2,5,1,2,2,3,5,7,5,4,6,3,3,1,3,2,1,2,2,2,1,3,6,2,3,2,4,4,5,3,4,4,6,4,4,POC,keep
R_3IcpB6H13HiTglh,6,6,3,3,6,4,4,7,7,4,7,6,1,6,7,7,6,4,4,3,4,5,6,7,5,1,1,3,5,6,5,6,7,4,4,5,POC,keep
R_BVWX8jIge6yxlhT,3,3,3,3,3,3,3,4,3,3,3,4,3,2,2,2,2,2,2,2,2,2,3,5,3,5,2,5,5,2,2,3,3,5,3,4,White,keep
R_2QtAkE61wgqgbCH,5,4,4,5,5,2,5,6,6,5,4,5,5,1,1,1,1,1,1,1,1,2,3,4,4,3,2,6,4,7,4,2,3,3,2,2,White,keep
R_2zImhko5NlfRxAs,2,3,3,2,2,4,2,5,4,2,3,5,3,1,1,1,1,1,1,1,1,1,4,4,3,3,3,5,3,2,2,3,2,2,2,2,White,keep
R_a4Mjy3MhYR5qtUt,2,1,1,1,1,2,3,5,5,1,1,2,1,1,1,1,1,1,1,1,1,1,2,5,1,5,1,6,6,3,4,6,3,5,2,4,POC,keep
R_2PgQma81ROuafQK,2,2,2,2,1,2,2,6,5,2,6,2,5,1,1,1,1,1,1,1,1,1,3,5,3,5,3,5,6,5,5,5,5,4,4,4,White,keep
R_3gY1HTzWZ9nNKrr,2,2,3,2,3,3,2,6,5,5,3,5,3,1,1,1,1,1,1,1,1,1,2,6,2,6,2,6,6,2,2,5,3,2,4,4,White,keep
R_2wKybBFrvLcQHtX,2,2,2,2,2,2,2,3,5,2,3,2,2,1,1,1,1,1,1,1,1,1,2,6,2,6,2,6,6,5,5,5,5,4,5,4,POC,keep
R_3oY2ElFEYP2y8tr,3,2,2,2,2,3,2,4,4,3,6,4,2,2,2,2,2,2,2,2,2,2,3,5,4,4,3,5,5,6,6,6,6,6,6,6,POC,keep
R_sYgZxWlYonbZRQJ,2,4,1,1,1,2,1,6,2,5,6,3,2,1,1,1,1,1,1,1,1,1,2,4,5,5,6,4,4,5,4,7,7,5,5,4,White,keep
R_eo39Z5N614Ijaed,4,4,3,2,3,2,2,4,6,4,4,3,3,3,3,4,3,3,4,3,4,3,3,5,4,4,3,4,5,5,4,6,7,7,5,5,POC,keep
R_wXYMhNsllR7Uoud,6,6,6,5,6,4,5,5,5,3,5,5,5,2,1,3,2,2,1,2,2,2,5,4,3,3,4,5,5,4,5,5,6,5,5,5,POC,keep
R_DjENHzf8GYG7uYp,3,3,2,2,3,1,1,6,6,4,4,6,2,1,1,1,1,1,1,1,1,1,2,4,1,6,3,6,6,3,2,5,4,4,4,4,White,keep
R_33vUPm04ZWVGbDr,2,2,2,2,2,2,2,3,5,4,2,5,4,2,2,2,2,2,2,2,2,2,2,4,2,4,2,6,6,1,1,1,7,5,5,5,White,keep
R_1cXMCFtgEbaJf6e,1,3,1,1,1,3,5,5,7,5,5,5,5,1,1,1,1,1,1,1,1,1,3,5,5,3,2,6,6,5,5,3,5,5,2,2,White,keep
R_SV3jnrO8T9Meoc9,6,6,5,7,6,7,7,5,5,7,5,6,7,6,6,5,5,6,6,7,6,5,6,3,5,2,5,2,2,7,7,4,6,7,5,5,POC,keep
R_4Pi12rsU53P9QJ3,4,4,3,4,6,5,6,7,7,7,7,7,6,4,4,4,4,4,4,4,4,4,1,7,1,6,2,7,6,7,7,7,7,7,3,6,White,keep
R_WuPKPAKVkCduVRD,3,6,2,2,2,6,7,6,7,7,7,6,2,1,1,1,1,1,1,1,1,1,5,5,2,5,6,5,6,1,1,7,7,4,3,3,White,keep
R_By2c8bgbXSDGkPT,5,2,6,3,2,1,7,5,6,3,5,3,3,1,1,1,1,1,1,1,1,1,2,7,2,6,2,6,2,5,3,4,6,6,4,5,POC,keep
R_2SHphjUSei68baX,6,7,5,5,6,5,6,6,6,6,7,6,6,1,1,1,1,1,1,1,1,1,6,3,6,2,5,3,2,1,1,2,1,1,2,1,White,keep
R_3g4MgVzsn88ytDd,5,3,4,4,5,4,5,5,6,6,5,5,5,1,1,1,1,1,1,1,1,1,2,6,2,5,2,6,6,3,3,4,4,4,4,4,White,keep
R_1ZzrWm5zns8GgSZ,4,6,5,6,5,6,6,6,6,5,7,6,7,1,1,1,1,1,1,1,1,1,1,5,1,6,1,1,6,5,6,6,6,5,4,4,White,keep
R_29uENUMFBWWz4g1,5,2,5,3,3,2,3,7,5,5,7,5,5,1,1,1,1,1,1,1,1,1,1,7,1,7,1,7,7,4,4,4,4,4,4,4,White,keep
R_211k07jb0tN7EYG,7,2,6,5,5,1,1,7,6,1,6,7,1,1,2,1,1,1,1,1,1,1,5,5,1,1,1,7,7,5,5,5,7,6,6,6,POC,keep
R_2CkTi9VA8YQnFJc,2,1,1,1,2,1,1,7,3,1,7,3,1,1,1,1,1,1,1,1,1,1,1,7,1,6,1,7,7,1,1,3,2,4,4,5,White,keep
R_2yj7JWCxgFz54pF,2,2,2,1,2,2,3,5,5,3,5,2,5,1,1,1,1,1,1,1,1,1,1,5,3,5,2,5,5,1,1,1,2,2,2,2,White,keep
R_b74cLnx7uMNcerf,5,5,5,3,5,4,5,7,5,5,5,6,5,5,5,3,3,5,5,5,4,2,6,3,6,3,6,2,3,3,3,2,3,3,2,2,POC,keep
R_qEYsfYLZKSSZRZL,5,3,3,3,4,3,3,6,5,3,4,5,4,2,5,4,4,2,2,1,1,2,3,6,3,5,2,6,6,5,6,5,6,5,6,5,POC,keep
R_1nNHps4d1Cf7mqh,7,3,3,3,6,6,7,6,6,3,7,7,7,6,7,7,2,6,5,7,7,6,5,5,4,3,2,4,3,7,7,7,7,7,7,7,POC,keep
R_2Xba6mLWJoFAyT4,4,6,7,4,6,3,4,7,6,6,3,6,4,5,5,5,6,3,5,5,5,4,6,6,1,4,3,6,6,1,1,3,3,4,4,4,White,keep
R_3npwzBXIv6uJjes,2,2,1,2,2,2,2,6,6,5,7,6,2,2,5,6,5,2,2,2,2,2,2,5,2,5,2,5,6,4,4,5,4,4,4,4,POC,keep
R_3j38RY1yEB1aIGD,6,6,6,7,6,4,6,3,5,6,2,3,3,6,6,5,6,6,6,5,5,6,6,2,7,2,5,2,3,4,4,5,4,4,5,5,POC,keep
R_5BkRNiiOeQbVu8N,4,4,3,5,5,1,2,2,5,5,3,3,2,1,1,1,1,1,1,1,1,1,3,4,2,5,4,4,4,5,5,4,5,4,5,4,White,keep
R_1K6XNk6hAMjYmCh,3,3,3,2,2,1,1,1,5,2,2,2,3,1,1,1,1,1,1,1,1,1,4,5,2,5,5,6,5,3,3,5,4,2,3,3,POC,keep
R_2zxbcFlU5YKI1A6,6,1,1,1,1,1,2,5,6,5,7,5,1,1,1,1,1,1,1,1,1,1,2,6,1,5,1,2,5,4,3,5,3,2,6,4,White,keep
R_5ztfmaQdW3l4B0t,5,5,5,3,2,2,5,3,2,3,5,3,2,1,1,1,1,1,1,1,1,1,6,3,3,3,5,5,5,5,4,2,2,2,3,2,White,keep
R_2QfirruO53KXN8j,7,7,7,7,7,7,7,7,7,7,7,7,7,1,1,1,1,1,1,1,1,1,1,7,1,7,1,7,7,7,7,7,7,7,7,7,POC,keep
R_O8N1EejpfGbET97,5,5,5,5,5,5,5,5,6,6,5,5,5,2,2,2,2,2,2,2,2,2,2,6,2,6,3,2,6,5,5,5,5,5,5,5,POC,keep
R_2ruXKIfvaft9k6q,5,6,5,5,5,4,5,4,4,5,3,5,4,2,5,5,4,2,2,2,2,2,5,4,3,3,3,3,4,3,3,5,5,6,6,5,POC,keep
R_12L23iWzdWmB6Gm,2,2,2,2,2,2,3,6,6,5,6,4,2,2,2,2,3,2,2,2,2,2,3,5,2,6,2,6,6,7,7,4,6,7,7,7,POC,keep
R_2dWm3542wKgV3ll,1,1,2,1,1,1,1,6,6,6,7,5,3,1,1,1,1,1,1,1,1,1,1,7,1,6,1,6,6,5,5,5,5,5,5,4,White,keep
R_PZIyiEKvFFdTciZ,3,2,3,2,3,2,3,5,6,5,3,5,3,2,2,2,2,2,2,2,2,2,2,5,1,5,2,7,6,1,1,2,2,2,2,2,White,keep
R_1JQuhwcauTFr7JI,2,2,1,2,2,2,3,4,6,2,2,2,2,1,1,1,1,1,2,1,1,1,2,1,1,3,1,4,7,5,6,5,5,5,4,5,POC,keep
R_D6PL41fY1Ap6FYR,2,4,1,2,4,2,3,5,5,4,3,4,3,1,1,1,1,1,1,1,1,1,3,6,1,4,2,7,5,4,4,3,4,3,2,4,White,keep
R_11ik8DU46e7EFKF,2,3,1,3,1,1,1,5,7,7,1,2,1,1,1,1,1,1,1,1,1,1,1,7,2,4,1,7,6,1,1,1,1,4,4,3,White,keep
R_33s43VohCPE2hCm,1,1,1,1,1,1,1,3,6,5,4,1,1,1,2,2,1,1,1,1,1,1,1,7,1,6,1,7,7,1,1,1,4,4,4,4,White,keep
R_3snS5s7Hx2SnMRH,5,4,4,1,5,7,2,7,5,4,5,6,1,1,1,1,1,1,1,1,1,1,3,7,1,4,1,7,7,1,1,2,2,4,4,4,POC,keep
R_2dvhA2kO3X5mBf5,5,4,4,3,4,5,4,4,5,4,4,4,5,4,5,4,3,5,5,4,3,4,6,5,6,5,6,5,6,7,6,7,7,7,7,7,POC,keep
R_2bW9WxHDlEcMpWT,4,3,2,2,2,3,3,4,5,5,2,5,3,4,5,5,5,4,3,4,4,2,4,4,4,4,5,5,5,6,5,5,5,5,6,6,POC,keep
R_2CEvFxkVBF0z3m9,5,2,5,4,4,5,4,6,7,3,6,4,5,1,1,1,1,1,1,1,1,1,4,6,1,5,2,6,6,7,6,6,6,7,7,7,POC,keep
R_6PtuOdaw3jLwa8p,2,2,2,2,2,2,2,6,6,6,6,6,2,2,2,2,2,2,2,2,2,2,2,6,2,6,2,6,6,1,1,1,1,7,1,1,White,keep
R_3RjCi6vBVYETFTB,6,6,6,6,6,6,6,6,6,5,6,5,6,5,5,6,5,4,5,5,5,5,5,5,5,3,4,3,6,7,7,7,7,7,6,7,POC,keep
R_1Zm9kp4LOw1ecff,1,1,1,1,1,1,2,4,5,4,4,2,1,1,1,1,1,1,1,1,1,1,2,6,2,5,2,6,5,4,4,2,3,2,1,1,White,keep
R_3szdtyhlv7d9vNz,2,2,3,2,2,1,2,5,4,2,3,4,3,2,2,3,2,2,2,2,2,2,2,6,2,6,2,6,6,6,6,6,6,6,6,6,POC,keep
R_3EXYpEVOqTDgsbK,1,7,1,1,1,7,7,1,7,7,7,7,7,7,7,7,7,7,7,7,7,7,7,7,7,7,7,7,7,7,7,7,7,7,7,7,POC,keep
R_O8Nux9WGVKULeMx,5,5,5,5,5,5,5,5,5,5,5,5,5,1,1,1,1,1,1,1,1,1,5,3,5,3,3,4,5,1,3,3,1,1,1,1,White,keep
R_1KkzqScJJ0wdEEE,6,5,5,4,6,6,6,5,5,5,4,5,4,4,2,2,2,4,2,2,4,4,7,1,6,1,6,1,2,5,5,5,4,5,5,4,White,keep
R_3HIaMh6pF8M6D6U,5,3,7,5,5,7,7,7,6,7,6,7,6,1,1,1,1,1,1,1,1,1,2,6,2,6,2,7,7,1,1,1,1,1,1,1,White,keep
R_3h5Wn7MSEwVWbLe,3,4,4,4,2,4,6,7,4,6,6,3,3,2,2,2,2,2,2,2,1,2,3,2,2,4,2,4,4,7,7,7,7,7,7,7,POC,keep
R_3kt7EwHZBtevm4K,2,2,2,2,2,2,2,2,2,2,2,2,2,2,1,2,1,1,1,1,1,1,4,5,5,5,5,5,5,4,4,4,4,6,5,4,White,keep
R_eEwDjpisdDPx6Rb,2,3,2,1,2,2,3,5,5,4,4,4,3,1,1,1,1,1,1,1,1,1,2,3,1,4,2,5,5,3,2,1,2,4,4,4,White,keep
R_1jrkKuzY4J99mJQ,6,2,6,2,4,3,3,6,6,6,6,5,3,1,1,1,1,1,1,1,1,1,5,5,3,3,2,4,6,4,5,4,5,5,5,5,POC,keep
R_2X5SNC0HeIEPfZZ,4,4,4,4,4,4,4,4,4,4,4,4,4,1,1,1,1,1,1,1,1,1,3,5,3,5,2,5,5,1,1,1,1,1,1,1,White,keep
R_1OVpsR9S6UOGiMs,3,3,3,3,3,3,3,3,3,3,3,3,3,2,2,2,2,2,2,2,2,2,5,6,6,5,6,6,6,2,2,2,2,2,2,2,White,keep
R_2BgoMIcGVGtKLQA,2,2,2,2,3,2,2,5,5,2,5,5,5,2,2,2,2,2,2,2,2,2,2,6,2,4,2,6,6,4,4,4,4,4,4,4,White,keep
R_1FP8SsT0KF3flvI,1,1,1,1,1,1,1,6,5,1,5,4,1,1,1,1,1,1,1,1,1,1,1,7,7,7,1,1,7,7,7,7,7,7,7,7,POC,keep
R_1IEFkrasvzgS8uM,2,3,3,3,3,2,3,4,6,4,5,2,3,6,6,5,5,6,7,6,3,5,3,5,2,5,3,5,5,6,6,7,6,5,6,5,POC,keep
R_1je5RQF4v95wc0Y,6,6,6,2,6,6,6,7,6,6,6,6,2,2,2,2,2,2,2,2,2,2,5,2,2,5,3,3,5,4,4,4,4,6,6,4,White,keep
R_USC8ICz7ADOHThv,5,2,2,1,4,2,3,5,5,6,5,5,5,1,1,1,1,1,1,1,1,1,5,6,1,6,2,5,6,4,6,4,6,2,6,5,White,keep
R_Dd6Z3EtO3MH0TSx,3,2,2,2,2,2,2,2,5,3,3,2,2,1,1,1,1,1,1,1,1,1,2,6,2,4,2,6,6,5,5,4,4,5,5,5,POC,keep
R_3KOMxzKJEfY1HRf,6,2,4,4,7,6,2,1,6,2,6,5,6,1,2,1,1,1,1,1,1,1,3,5,1,7,2,7,6,5,7,7,4,7,7,6,POC,keep
R_AmQQZShvLtbwDU5,1,2,2,1,3,1,1,5,6,2,3,3,4,1,1,1,1,1,1,1,1,1,3,6,1,7,1,7,7,1,1,1,1,1,1,1,White,keep
R_3n2D8BdoczUJM1X,6,6,6,6,6,6,5,6,5,6,3,6,5,1,1,1,1,1,1,1,1,1,6,5,2,2,2,5,3,7,7,7,7,7,7,7,POC,keep
R_0JPornS0Es3xbI5,6,5,5,5,7,6,5,7,6,4,6,5,6,6,5,6,7,5,6,4,4,5,4,5,5,6,4,6,5,7,5,7,7,7,7,5,POC,keep
R_yxyCgYjJyYHbYYN,4,5,4,4,5,4,4,4,4,5,4,4,5,5,5,5,5,5,5,4,5,5,5,4,5,4,5,4,4,5,4,4,5,5,4,4,POC,keep
R_1Hnr6zZbrikKJ75,7,6,7,6,7,6,6,5,7,6,6,6,6,5,5,6,5,5,5,3,3,5,6,6,4,5,6,6,6,6,7,6,7,6,7,3,POC,keep
R_2txkK0k27KCUe7B,2,2,2,2,2,2,2,6,5,3,6,3,3,2,2,2,2,2,2,2,2,2,2,6,3,5,2,5,6,5,5,4,6,7,6,5,POC,keep
R_50YnRYNAokIRMSl,3,3,3,3,4,3,3,5,5,4,5,5,4,3,4,4,2,4,2,3,3,3,3,4,3,4,2,5,4,2,2,3,5,6,4,6,POC,keep
R_OHY55Y8k6giA4Jb,4,4,3,3,5,3,3,5,6,6,6,5,3,1,1,1,1,1,1,1,1,1,1,6,1,6,1,7,6,2,1,1,1,4,2,4,POC,keep
R_3LbAvm2XPXEnWIc,6,3,6,6,6,6,3,6,7,4,7,6,6,2,1,2,1,2,2,2,2,2,6,6,2,5,3,6,6,6,7,6,7,6,7,7,POC,keep
R_2X4e8Z9IGKC95Z5,4,4,4,4,4,4,4,4,4,1,1,1,4,1,1,1,1,1,1,1,1,1,4,2,4,4,4,4,4,4,4,4,4,4,4,4,White,keep
R_1gGzZjErb1xiqyV,6,5,7,5,6,5,6,6,6,7,7,7,5,3,6,5,3,5,4,5,5,3,6,5,5,2,4,2,5,5,5,5,6,6,5,6,POC,keep
R_3lAntZr5gXvZkMb,2,4,3,3,4,3,4,3,3,4,2,4,2,2,2,2,2,2,2,3,1,3,4,2,4,3,3,3,3,3,2,3,3,3,3,3,POC,keep
R_3En8PxY7qo48gAi,3,2,1,2,2,3,4,5,5,3,4,3,3,3,5,3,5,5,4,3,3,5,2,6,5,5,2,5,6,6,6,6,6,5,5,5,POC,keep
R_3eyKHXiFAByy3ed,2,6,6,3,3,7,5,6,6,2,6,7,3,1,1,1,1,1,1,1,1,1,2,6,3,6,2,7,6,5,6,6,5,5,5,5,White,keep
R_1LYkUma0gZMbJsP,5,4,5,6,6,4,5,6,6,7,5,6,7,1,1,1,1,1,1,1,1,1,3,6,5,4,5,5,7,1,1,1,1,4,4,4,White,keep
R_1jrkIvW0OgV6EQ2,1,1,1,1,2,1,1,2,5,2,5,5,1,3,3,3,3,3,3,3,3,3,3,6,2,6,2,2,7,3,3,3,5,5,5,5,POC,keep
R_1CEkDhPLLvpyyuk,6,6,5,6,6,6,5,6,5,5,6,5,6,5,5,4,5,4,4,3,2,5,4,5,2,4,3,3,6,6,5,6,7,5,5,5,POC,keep
R_10OTWxZwCvPDzTg,3,3,3,3,3,2,3,5,5,3,5,4,2,2,2,1,2,3,2,3,2,2,1,6,2,7,2,6,6,3,3,5,4,4,3,4,POC,keep
R_1fd79zVHChfblWW,5,5,7,6,5,5,6,7,5,6,7,5,6,7,6,6,6,5,7,6,6,6,2,5,2,2,2,5,6,7,7,7,7,7,7,5,POC,keep
R_eFCeGGVMXkNSbbb,7,6,6,6,6,6,7,6,5,6,6,6,7,7,7,7,6,5,5,5,6,7,6,2,6,2,6,3,5,7,7,7,7,7,7,7,POC,keep
R_Rf9m4rGePMRgFX3,2,4,2,2,2,1,2,4,6,5,2,6,2,2,1,1,1,1,1,1,1,1,4,5,2,2,4,6,5,5,6,4,5,6,5,4,White,keep
R_1pKX0FqNWt2qPDZ,5,3,3,2,4,3,4,5,6,4,7,5,5,2,5,5,2,2,1,2,2,2,4,5,3,5,2,6,6,6,6,5,6,5,4,4,POC,keep
R_1LoIYm0cKF8sv7u,6,5,6,5,6,6,5,6,6,7,7,6,7,6,6,6,5,4,6,5,6,5,7,5,5,3,5,3,4,5,6,5,5,6,5,5,POC,keep
R_2vi82h3TGKgRO0K,6,6,7,6,7,6,7,5,7,6,7,6,5,5,6,5,5,5,5,5,5,5,5,4,7,2,3,1,3,1,1,1,1,1,1,1,White,keep
R_1N83RUMqKAc5d1g,3,3,4,3,3,5,5,3,5,5,5,4,2,3,5,5,4,2,2,3,3,2,5,4,5,3,6,4,2,1,1,2,2,1,1,1,White,keep
R_T5jRGK5512MqRFf,5,5,6,6,6,2,5,5,5,6,7,5,5,5,6,5,5,5,5,5,5,6,5,3,3,3,4,3,4,5,6,6,6,6,6,6,POC,keep
R_4JaLmOZQaBCUGhX,6,2,1,3,5,6,6,7,7,7,7,7,4,1,3,1,1,2,1,1,2,2,3,6,1,5,2,7,5,1,1,1,1,3,2,2,White,keep
R_3DcLutC116n9iaS,2,2,2,2,2,2,2,6,6,2,6,6,5,1,1,1,1,1,1,1,1,1,1,7,1,5,1,7,7,1,1,1,1,1,1,1,White,keep
R_3nuaSYmXM4EE4DD,5,3,5,2,6,5,5,7,6,6,6,6,2,2,2,4,2,2,2,2,2,2,5,5,5,4,5,3,4,4,2,3,1,2,2,1,POC,keep
R_cSxH5w9jUwX47Xb,6,6,2,3,3,7,7,7,7,7,7,7,7,2,2,2,2,2,2,2,2,2,7,2,5,1,6,5,4,6,6,5,7,5,4,4,POC,keep
R_3I3jOdNxTNLqavE,3,2,1,2,2,1,1,3,6,2,3,3,2,1,1,1,1,1,1,1,1,1,1,7,1,5,1,7,7,1,1,2,4,4,4,4,White,keep
R_10uWnk3zTNIcwLb,1,1,1,1,2,2,1,6,5,1,2,5,1,1,1,1,1,1,1,1,1,1,1,7,1,6,1,7,7,7,7,7,7,7,7,7,POC,keep
R_3Gdf3nAQJdguckw,3,2,4,3,5,4,3,4,7,5,6,5,5,1,3,2,2,1,2,2,1,1,3,5,6,5,5,6,5,6,7,6,6,7,7,7,White,keep
R_um38q1fdsnZzUCl,2,1,2,1,2,4,1,6,5,5,5,3,1,1,1,1,1,1,1,1,1,1,1,7,1,7,1,7,7,3,4,2,5,7,4,2,POC,keep
R_1GHUPM7I8vNz1ja,4,3,3,2,2,2,2,2,6,2,2,5,4,1,1,1,1,1,1,1,1,1,1,6,1,1,1,6,6,6,6,6,6,7,4,4,POC,keep
R_2YhP3H6YidX3pSi,3,6,3,2,3,3,5,2,2,5,2,5,4,1,1,1,1,1,1,1,1,1,5,2,4,1,6,3,2,1,1,4,2,4,5,5,White,keep
R_BR4lxTBDo8v2JPj,2,2,2,2,2,3,2,5,3,6,6,3,4,1,1,1,1,1,1,1,1,1,2,5,2,4,2,6,5,2,2,3,3,6,3,2,POC,keep
R_2pLy1y09nkzVRUz,6,1,7,6,7,1,1,7,7,1,7,7,7,1,1,1,1,1,1,1,1,1,1,7,1,1,1,7,7,7,7,7,7,7,7,7,POC,keep
R_1TwsK6LttNvA8ox,2,2,2,2,2,2,2,5,6,5,6,5,3,2,2,2,2,2,2,2,2,2,2,6,2,5,2,6,6,4,4,4,4,4,4,4,POC,keep
R_3nVP04TbOWoIGNn,3,3,3,4,3,4,4,4,5,5,4,3,4,1,1,1,1,1,1,1,1,1,3,5,1,5,4,5,5,4,4,4,4,3,3,3,White,keep
R_2P7HgY7MAeFB0UZ,2,7,2,3,3,3,4,5,4,3,4,4,6,4,5,3,3,5,2,3,5,6,5,6,7,5,7,3,5,6,6,5,3,6,4,5,POC,keep
R_30pB7xeexMrtXcl,4,4,4,1,1,2,2,2,3,4,1,2,4,1,1,1,1,1,1,1,1,1,4,3,3,2,3,4,6,3,3,2,2,3,2,3,POC,keep
R_2wcVOtG8LFcdTLT,6,2,6,4,6,3,4,6,6,5,5,7,6,1,1,1,1,1,1,1,1,1,6,5,5,3,5,5,4,2,4,1,4,4,2,2,White,keep
R_1dtX6XZJq75C6lV,4,2,3,2,2,3,2,4,4,5,6,4,3,1,1,1,1,1,1,1,1,1,3,6,2,4,4,6,6,3,3,2,3,4,3,3,White,keep
R_1cZyAblAuXuYYvc,2,2,2,2,2,2,3,6,4,3,5,2,2,1,1,1,1,1,1,1,1,1,3,6,6,6,1,2,7,2,2,6,5,6,6,5,White,keep
R_2tFFIkDZbInfL3m,5,7,6,5,4,5,5,5,7,6,2,4,4,7,6,6,6,4,5,5,5,7,7,5,7,3,6,4,1,6,7,6,7,7,6,5,POC,keep
R_1gIx5xH7sMIVNnz,2,3,2,2,3,2,3,6,6,2,2,2,2,1,1,1,1,1,1,1,1,1,2,6,2,4,2,2,6,1,1,1,1,4,4,1,POC,keep
R_1pnxl17Mykxt6a3,5,3,5,2,3,3,5,6,6,6,5,5,5,1,2,1,2,1,2,2,2,1,3,6,3,5,3,5,5,3,2,4,5,4,6,3,White,keep
R_1H3L4yELnrtdaJH,2,3,2,2,2,1,2,3,3,2,2,3,1,1,1,1,1,1,1,1,1,1,2,6,3,5,2,5,6,2,1,2,1,1,1,1,White,keep
R_4SoYadK7U8eznR7,4,4,5,3,5,3,4,3,2,6,3,4,3,2,2,2,2,2,2,2,2,2,6,2,6,2,6,4,2,1,1,4,3,1,2,3,White,keep
R_1hYI8jRJdglDOmT,6,3,4,5,7,4,5,6,7,4,7,4,4,2,2,2,2,2,2,2,2,2,3,4,4,5,6,5,6,5,5,6,6,6,5,4,POC,keep
R_1hyvjN4rFseuvrC,6,7,6,6,5,7,7,7,7,7,7,7,7,7,7,7,7,7,7,7,7,7,7,1,7,1,2,1,1,7,7,7,7,7,7,7,POC,keep
R_TjXCgvHJgfsq9Et,7,7,7,7,7,7,7,1,1,7,7,7,7,7,7,7,7,7,7,7,7,7,7,1,7,1,7,1,1,7,7,7,7,7,7,7,POC,keep
R_2sRR7lJujEiKLmm,2,2,3,1,2,3,6,5,2,6,3,5,2,1,1,1,1,1,1,1,1,1,4,6,3,6,1,7,7,2,2,6,2,2,1,1,White,keep
R_12R2HV9CHm5we8T,4,4,3,3,3,4,4,5,5,4,5,5,5,5,5,5,4,4,4,5,5,4,4,5,4,5,4,5,5,6,6,6,6,6,6,6,POC,keep
R_3ISr6BfeFxBZXqN,3,2,2,3,3,2,2,6,6,3,5,3,3,5,5,5,2,2,2,2,2,2,5,6,5,5,2,5,5,2,2,3,3,6,3,3,POC,keep
R_3QVgYPORGiVNbMY,5,1,3,1,1,1,1,6,5,1,1,1,1,1,1,1,1,1,1,1,1,1,1,7,1,7,1,7,7,1,1,1,7,7,4,7,POC,keep
R_2VO9O88SaNmXGBW,5,1,2,2,5,1,2,4,6,1,5,3,4,1,1,1,1,1,1,1,1,1,3,3,3,3,5,6,6,1,4,7,7,7,4,5,White,keep
R_3QJl5XWImc2hW4u,2,2,4,2,2,2,2,5,5,3,3,4,4,4,4,4,4,4,2,3,2,3,3,4,2,6,4,4,4,6,6,7,7,7,7,7,POC,keep
R_ebY3KOxo4IOT8D7,3,3,1,2,3,2,2,7,6,6,7,3,2,2,5,5,2,3,2,2,2,2,6,6,7,5,3,1,6,5,4,4,4,7,5,6,POC,keep
R_3oRdpgokxCoAnR0,4,5,2,3,3,2,3,3,5,5,6,5,4,3,5,5,5,1,1,1,1,1,3,4,5,4,4,3,5,2,2,3,2,1,2,2,White,keep
R_22WjKSGeh66KoRO,6,3,4,2,6,4,5,5,6,6,6,6,6,1,1,1,1,1,1,1,1,1,5,5,3,3,3,6,6,3,3,4,4,7,6,6,White,keep
R_3NxGpU4grh0SdCB,2,2,2,2,2,2,1,4,4,2,1,4,2,1,1,1,1,1,1,1,1,1,3,4,2,4,2,6,3,1,1,3,2,2,2,2,White,keep
R_1jANFcm478Rw4qh,1,1,1,1,1,2,2,6,6,1,7,6,4,1,1,1,1,1,1,1,1,1,1,5,1,2,3,4,5,4,4,5,5,7,6,4,POC,keep
R_1GDELTaR9BEapFS,3,2,2,2,2,1,1,6,6,2,6,2,2,1,1,1,1,1,1,1,1,1,2,5,3,5,2,6,4,1,1,1,1,4,4,4,White,keep
R_blunPmEXHQAMA1P,4,5,5,4,4,6,6,4,5,5,3,3,4,5,4,7,4,6,5,5,4,4,7,2,7,2,7,6,3,7,6,7,7,6,5,5,POC,keep
R_9EmicckAjODte5b,4,4,2,1,4,2,1,6,4,2,4,2,2,1,1,1,1,1,4,1,1,1,2,4,2,4,2,4,2,5,6,6,5,5,5,5,POC,keep
R_24pIPeEfSYRL8Cs,2,2,2,2,2,2,2,6,6,5,4,3,2,1,2,2,1,2,1,1,1,2,3,6,4,6,2,4,6,2,2,2,2,4,4,4,White,keep
R_1IbCQI7UsrpjBuu,5,2,5,5,6,3,3,4,6,5,6,3,3,1,1,1,1,1,2,1,1,1,6,6,6,6,6,6,6,5,5,4,5,4,3,5,White,keep
R_1JRu1BjhqYcKHah,7,5,6,6,6,5,5,6,6,7,3,6,5,1,1,1,1,1,1,1,1,1,4,3,6,3,3,3,3,1,3,1,4,1,1,1,White,keep
R_2rqJLkG7ZWVSAz3,4,2,4,2,2,2,2,4,3,5,5,5,3,2,2,2,3,3,3,2,2,3,4,5,3,5,2,5,6,6,6,2,4,4,5,4,White,keep
R_PAvrJ2hOd7XBR3b,3,2,2,3,5,3,2,2,3,5,2,5,5,3,3,3,3,2,2,3,3,2,5,3,5,3,3,3,5,4,5,5,4,5,7,5,POC,keep
R_2qlAVlnUbmBwKpS,3,2,2,2,3,1,2,5,5,4,4,3,4,1,1,1,1,1,1,1,1,1,4,4,4,3,5,4,5,4,4,3,4,4,3,4,White,keep
R_3Radraakrs54udJ,2,3,2,2,2,3,4,3,5,5,6,2,3,1,1,1,1,1,1,1,1,1,3,5,6,5,4,4,3,7,7,7,7,7,7,7,White,keep
R_0pPrpAyIFy62AeZ,3,3,2,2,2,5,4,6,6,6,6,5,4,3,3,1,1,2,1,1,1,1,2,6,1,5,2,2,6,5,5,3,4,5,5,5,White,keep
R_ABE9ttZTUhwHUrf,1,1,1,1,1,1,1,6,5,7,7,6,5,1,2,1,1,1,1,1,1,1,2,7,1,7,1,7,7,1,1,3,3,5,3,5,POC,keep
R_10Yp8v4RYZ8PCno,5,2,3,2,2,4,3,6,7,6,7,5,3,2,2,2,2,2,1,5,1,1,3,6,2,5,2,6,6,6,7,6,5,7,6,6,White,keep
R_1E4JsrxhIq06u3a,5,6,4,4,4,5,5,7,6,6,6,6,6,5,6,6,4,6,1,6,5,2,6,4,3,2,5,2,5,1,2,1,4,4,4,3,White,keep
R_11ZTNH1OToKxLCe,3,2,1,2,2,1,2,5,6,2,6,4,3,2,1,2,2,1,1,1,1,2,1,6,2,6,1,7,7,4,4,6,4,4,5,5,POC,keep
R_Apnfz8SSDPpz1nj,2,2,2,2,2,3,3,5,5,5,3,5,2,1,5,4,1,1,1,1,1,1,3,6,2,6,2,6,6,2,4,2,6,6,5,3,White,keep
R_BWAxP3X3R4aojJL,3,2,3,5,5,6,4,6,6,6,6,6,6,6,6,6,6,6,5,7,3,6,2,6,2,5,1,6,6,7,7,7,7,7,7,7,White,keep
R_3htqCFM6MVa2TxH,5,2,3,2,3,2,2,6,6,3,6,4,2,2,2,2,2,2,2,2,2,2,2,6,2,5,2,6,6,7,7,6,7,7,6,6,White,keep
R_40JTEcljFcxJWE1,4,3,4,4,5,3,4,7,6,5,6,4,4,1,1,1,1,1,1,1,1,1,2,5,1,5,2,7,6,7,7,7,7,7,6,6,POC,keep
R_2f8TlpqL56U5kOc,3,1,1,1,1,3,1,6,2,4,4,2,1,1,1,1,1,1,1,1,1,1,4,6,2,6,2,6,7,1,1,4,4,4,4,1,White,keep
R_shwyYGU6W3qXfup,4,3,2,3,4,3,6,3,5,5,5,6,2,1,1,1,5,1,1,1,1,1,6,3,7,3,5,6,3,1,1,3,2,1,3,3,White,keep
R_Wp8OnyG0IrFw4Cd,3,6,6,2,6,7,7,6,6,6,7,7,7,1,1,1,1,1,1,1,1,1,4,6,3,2,2,6,6,4,3,7,7,7,1,1,White,keep
R_3fSGLwN1K1mzJSi,2,2,2,2,4,2,2,5,5,5,5,5,3,1,1,1,1,1,1,1,1,1,2,5,2,6,2,6,4,3,3,2,3,3,3,3,POC,keep
R_reT3dCG2M19YpDr,3,2,2,2,1,2,3,1,6,7,7,7,3,1,1,1,1,1,1,1,1,1,2,7,4,3,1,7,7,5,5,4,6,5,6,5,White,keep
R_3RpxR1Ax1LLaq6p,3,3,3,2,2,2,3,3,5,3,5,3,5,1,1,1,1,1,1,1,1,1,5,3,5,3,3,5,5,1,1,1,4,4,4,1,White,keep
R_1gCG4E0RmEtodeo,1,1,1,1,1,5,1,7,7,7,7,7,7,1,1,1,1,1,1,1,1,1,1,7,1,7,1,7,7,1,1,1,1,1,1,1,White,keep
R_1LZtJaxuCnYepjk,3,1,1,1,1,1,1,6,6,1,6,3,1,1,1,1,1,1,1,1,1,1,2,6,2,6,2,6,6,2,1,1,1,2,3,1,White,keep
R_10UGVSErZurDeqT,2,2,2,2,2,2,2,2,2,3,6,2,2,1,1,1,1,1,1,1,1,1,3,6,2,6,1,5,6,3,3,3,4,5,4,4,White,keep
R_2rZ0JGDGWo7nBk3,2,1,3,1,3,5,5,6,6,3,5,6,2,1,1,1,1,1,1,1,1,1,2,5,3,5,5,6,3,6,1,6,5,7,5,5,POC,keep
R_PNhDBMocuUNmQQV,3,2,2,1,3,3,3,5,6,5,6,5,3,2,2,2,2,2,2,2,2,2,3,4,5,4,4,4,3,6,6,5,5,6,5,5,POC,keep
R_25zuITaxi9TyuHO,6,4,4,2,2,4,5,4,5,5,6,5,4,1,1,1,1,1,1,1,1,1,4,5,4,5,4,4,5,4,4,2,3,4,3,3,White,keep
R_1QMKDuqJu2lZpNb,2,2,3,3,2,2,2,6,6,5,4,3,5,1,1,1,1,1,1,1,1,1,5,6,2,5,2,6,6,1,1,1,1,1,1,1,White,keep
R_3KJFmAlzmTRaKnA,6,3,7,7,7,2,1,7,7,7,7,7,7,7,7,7,7,5,4,5,5,6,7,5,7,2,4,2,5,1,1,4,4,4,1,1,POC,keep
R_2Et43aN6PmWJ2lv,2,2,6,2,2,3,6,6,6,6,4,5,4,1,1,1,1,1,1,1,1,1,6,6,4,6,3,6,6,5,6,6,6,6,6,6,White,keep
R_33qYBVJXxbW5cW6,4,4,4,3,3,2,2,3,3,3,4,3,3,1,1,1,1,1,1,1,1,1,4,3,5,3,5,2,2,5,5,6,4,2,2,2,White,keep
R_3COZBiGAiWJeoG7,2,2,1,1,2,1,2,6,6,5,7,4,6,1,1,4,1,1,1,1,1,1,3,4,5,5,3,6,4,2,2,2,2,2,4,2,White,keep
R_2aEl9PVOb7LbPKK,3,1,1,1,3,4,1,7,7,6,7,5,6,1,1,1,1,1,1,1,1,1,1,7,1,6,1,7,7,5,5,4,5,5,5,5,White,keep
R_1gBf4cPTQKM2AKG,5,6,5,3,5,6,5,7,7,6,7,6,5,1,1,1,1,1,1,1,1,1,2,7,1,5,1,7,7,4,4,4,4,5,4,4,White,keep
R_3qmyNqqPUHpmwit,5,5,2,2,3,2,3,3,5,6,6,5,2,2,2,2,2,2,2,2,2,2,3,6,2,6,2,6,6,6,5,5,5,5,6,6,White,keep
R_1mkjiE1YKXlkizS,2,2,3,2,2,4,3,6,5,3,5,6,3,2,2,2,2,2,2,2,2,2,2,5,2,4,3,4,5,6,6,6,6,6,6,5,POC,keep
R_3fDncAu9aDuVCBr,5,5,4,3,5,3,5,6,6,6,6,6,3,1,1,1,1,1,1,1,1,1,2,6,3,4,2,5,6,4,4,2,4,4,4,4,White,keep
R_2BxPq0IWqr5n4WB,6,5,5,5,6,6,5,6,6,6,5,6,5,1,1,1,1,1,1,1,1,1,1,1,1,4,1,2,1,5,5,5,5,5,5,5,POC,keep
R_NVgjHkibQ3aWddT,2,2,2,2,3,2,3,3,3,3,6,5,1,1,1,1,1,1,1,1,1,1,2,5,1,5,2,7,5,5,5,5,5,5,4,4,White,keep
R_3hlpQXLOHMBxpkV,4,6,3,4,3,5,5,6,5,6,6,5,3,2,4,4,1,1,1,1,1,3,4,5,3,5,2,6,6,3,2,3,4,4,5,4,White,keep
R_1QDwHUIAsWaUOaK,7,4,7,1,4,6,4,4,7,7,7,7,7,1,1,1,1,1,1,1,1,1,4,1,1,1,4,4,4,1,1,1,1,1,1,1,White,keep
R_2ONEXryko5R2net,5,1,1,3,5,1,3,6,7,5,5,6,6,1,1,1,1,1,1,1,1,1,1,5,1,5,1,7,5,7,7,7,7,7,7,7,White,keep
R_2uI3gHBTRNgkedU,5,4,5,3,3,4,5,6,6,5,4,5,5,2,2,2,2,2,2,2,2,2,4,4,4,4,3,3,4,4,4,4,4,4,4,4,White,keep
R_zcnAgoclFkQFaxz,5,2,5,3,2,3,5,5,6,5,6,4,5,1,1,1,1,1,1,1,1,1,2,4,3,3,3,6,5,1,1,1,1,1,1,1,White,keep
R_27COewz26AyLrEJ,1,1,2,1,3,1,1,3,5,3,7,1,1,1,1,1,1,1,1,1,1,1,2,7,4,6,2,5,6,4,4,2,4,4,4,4,White,keep
R_1diQjfwdygAKF5T,5,4,4,5,6,4,5,6,6,6,4,6,5,4,6,6,5,4,3,3,3,3,5,4,4,2,6,4,4,6,5,5,5,6,5,5,POC,keep